"GEO_ID","NAME","B25034_001E","B25034_001M","B25034_002E","B25034_002M","B25034_003E","B25034_003M","B25034_004E","B25034_004M","B25034_005E","B25034_005M","B25034_006E","B25034_006M","B25034_007E","B25034_007M","B25034_008E","B25034_008M","B25034_009E","B25034_009M","B25034_010E","B25034_010M","B25034_011E","B25034_011M",
"Geography","Geographic Area Name","Estimate!!Total:","Margin of Error!!Total:","Estimate!!Total:!!Built 2020 or later","Margin of Error!!Total:!!Built 2020 or later","Estimate!!Total:!!Built 2010 to 2019","Margin of Error!!Total:!!Built 2010 to 2019","Estimate!!Total:!!Built 2000 to 2009","Margin of Error!!Total:!!Built 2000 to 2009","Estimate!!Total:!!Built 1990 to 1999","Margin of Error!!Total:!!Built 1990 to 1999","Estimate!!Total:!!Built 1980 to 1989","Margin of Error!!Total:!!Built 1980 to 1989","Estimate!!Total:!!Built 1970 to 1979","Margin of Error!!Total:!!Built 1970 to 1979","Estimate!!Total:!!Built 1960 to 1969","Margin of Error!!Total:!!Built 1960 to 1969","Estimate!!Total:!!Built 1950 to 1959","Margin of Error!!Total:!!Built 1950 to 1959","Estimate!!Total:!!Built 1940 to 1949","Margin of Error!!Total:!!Built 1940 to 1949","Estimate!!Total:!!Built 1939 or earlier","Margin of Error!!Total:!!Built 1939 or earlier",
"860Z200US48001","ZCTA5 48001","5841","209","9","14","165","92","464","134","796","162","659","159","1179","248","681","158","783","145","335","113","770","174",
"860Z200US48002","ZCTA5 48002","1320","92","24","40","101","111","183","56","298","73","84","42","249","76","39","22","131","54","25","17","186","72",
"860Z200US48003","ZCTA5 48003","2328","217","50","41","192","81","334","92","483","93","304","81","180","61","185","64","186","73","17","20","397","112",
"860Z200US48005","ZCTA5 48005","1848","190","25","33","54","37","218","80","256","96","237","89","369","92","75","36","144","66","68","41","402","104",
"860Z200US48006","ZCTA5 48006","1549","110","3","5","29","28","336","57","338","118","137","51","172","60","71","27","117","46","61","33","285","73",
"860Z200US48009","ZCTA5 48009","10435","431","19","21","713","140","1149","247","516","144","626","215","887","268","1146","241","2405","283","1456","317","1518","218",
"860Z200US48014","ZCTA5 48014","1694","132","72","87","13","10","264","69","203","60","351","148","146","58","86","37","163","62","63","34","333","99",
"860Z200US48015","ZCTA5 48015","3772","270","0","15","0","15","17","20","107","109","303","182","671","165","681","218","969","225","634","192","390","137",
"860Z200US48017","ZCTA5 48017","5993","248","0","17","36","32","92","49","350","134","315","152","724","179","990","250","2459","247","421","104","606","146",
"860Z200US48021","ZCTA5 48021","14050","501","0","23","57","48","80","62","358","137","190","87","1023","237","1513","288","6808","493","2308","406","1713","330",
"860Z200US48022","ZCTA5 48022","1117","103","0","11","42","31","129","53","362","89","134","112","78","43","86","33","71","38","27","23","188","95",
"860Z200US48023","ZCTA5 48023","2282","183","40","50","119","84","293","105","462","163","313","83","111","73","242","106","152","67","157","79","393","101",
"860Z200US48025","ZCTA5 48025","5964","294","0","17","114","60","196","61","334","83","442","120","411","92","1516","230","2125","241","516","165","310","97",
"860Z200US48026","ZCTA5 48026","6912","316","14","22","34","26","203","84","1007","182","646","238","1651","245","1301","260","1623","221","291","136","142","60",
"860Z200US48027","ZCTA5 48027","1295","96","0","11","16","17","235","93","368","89","127","71","168","63","116","60","56","30","33","22","176","66",
"860Z200US48028","ZCTA5 48028","1579","138","0","11","26","22","141","81","176","79","152","73","197","93","150","79","164","74","151","68","422","123",
"860Z200US48030","ZCTA5 48030","7256","361","0","17","69","55","495","163","179","78","273","116","672","230","1055","256","2076","376","936","231","1501","291",
"860Z200US48032","ZCTA5 48032","786","98","3","5","15","14","131","38","261","80","111","34","87","24","17","13","27","17","9","8","125","38",
"860Z200US48033","ZCTA5 48033","8848","499","0","17","107","104","58","37","595","212","1133","297","3142","481","1147","279","1497","238","622","191","547","159",
"860Z200US48034","ZCTA5 48034","8472","430","0","17","46","54","359","157","669","218","1473","313","3413","389","1264","318","793","268","166","92","289","270",
"860Z200US48035","ZCTA5 48035","15592","629","28","33","106","83","918","213","1933","459","1444","317","3615","431","3921","438","2577","424","597","182","453","189",
"860Z200US48036","ZCTA5 48036","9719","466","17","25","339","131","1042","315","1237","246","1493","306","1703","263","1945","254","1501","196","158","84","284","118",
"860Z200US48038","ZCTA5 48038","21337","869","0","23","1736","318","2621","501","4746","554","5946","519","4953","521","569","182","289","155","249","169","228","114",
"860Z200US48039","ZCTA5 48039","3691","237","12","18","27","23","259","99","459","144","316","113","469","134","217","95","436","122","284","98","1212","232",
"860Z200US48040","ZCTA5 48040","4632","234","8","12","91","68","462","183","651","143","817","183","1120","196","473","125","462","104","344","163","204","87",
"860Z200US48041","ZCTA5 48041","1902","165","0","11","9","13","365","135","343","141","280","75","290","77","92","36","194","63","16","14","313","84",
"860Z200US48042","ZCTA5 48042","11650","569","64","40","1993","319","4096","415","3766","479","296","99","362","157","307","216","579","205","73","69","114","67",
"860Z200US48043","ZCTA5 48043","6888","302","0","17","74","59","97","56","370","150","492","156","871","203","764","179","1571","258","565","159","2084","298",
"860Z200US48044","ZCTA5 48044","20156","552","108","87","1825","328","7075","653","5681","606","2766","339","1812","275","233","148","407","235","101","88","148","107",
"860Z200US48045","ZCTA5 48045","12695","531","31","33","656","151","1052","261","2186","357","2107","288","2798","463","1782","297","1160","246","507","168","416","210",
"860Z200US48047","ZCTA5 48047","16585","567","126","65","804","180","3841","423","3878","455","2072","314","2983","446","1004","248","966","213","321","114","590","166",
"860Z200US48048","ZCTA5 48048","3424","277","98","109","462","166","942","279","805","203","230","141","152","83","242","137","111","73","56","56","326","134",
"860Z200US48049","ZCTA5 48049","2283","141","0","15","50","51","166","75","377","119","375","210","761","144","212","68","183","68","62","42","97","46",
"860Z200US48050","ZCTA5 48050","561","102","0","11","0","11","79","37","124","59","136","66","56","41","42","33","35","28","19","22","70","43",
"860Z200US48051","ZCTA5 48051","7023","351","151","101","743","186","1590","277","2254","242","1096","226","388","141","247","139","451","167","16","21","87","46",
"860Z200US48054","ZCTA5 48054","3221","157","0","15","126","44","485","105","596","174","424","120","552","128","291","93","267","104","162","103","318","100",
"860Z200US48059","ZCTA5 48059","6994","270","53","83","259","98","1013","187","1180","179","692","177","851","191","878","206","1008","242","348","128","712","188",
"860Z200US48060","ZCTA5 48060","18191","418","15","20","170","87","1719","329","1922","318","1392","256","2124","325","1892","281","2968","363","1565","270","4424","374",
"860Z200US48062","ZCTA5 48062","3578","270","16","27","48","36","570","166","849","293","316","114","449","157","207","98","313","132","90","71","720","218",
"860Z200US48063","ZCTA5 48063","1563","99","0","11","187","85","308","90","316","82","122","64","289","114","31","24","45","33","79","54","186","89",
"860Z200US48064","ZCTA5 48064","1466","101","3","7","43","27","76","38","395","82","114","47","265","88","205","93","130","55","48","33","187","62",
"860Z200US48065","ZCTA5 48065","4702","285","102","70","302","96","545","130","906","191","609","155","602","157","297","90","357","120","340","310","642","147",
"860Z200US48066","ZCTA5 48066","21933","501","0","23","45","34","584","172","931","208","1641","269","3465","374","4734","478","7451","608","1624","300","1458","273",
"860Z200US48067","ZCTA5 48067","13580","513","9","14","838","250","835","214","641","211","470","127","995","292","705","149","2810","336","2387","286","3890","378",
"860Z200US48069","ZCTA5 48069","1190","52","0","11","0","11","30","18","17","15","4","6","4","6","14","13","182","57","105","43","834","62",
"860Z200US48070","ZCTA5 48070","2423","89","0","15","17","19","76","38","94","85","16","21","19","15","101","40","935","158","767","117","398","105",
"860Z200US48071","ZCTA5 48071","14279","517","0","20","86","56","320","120","633","210","941","223","2441","368","2680","421","5527","640","1000","364","651","242",
"860Z200US48072","ZCTA5 48072","7119","255","33","29","230","81","116","63","166","93","111","54","395","111","470","128","1857","270","2725","342","1016","164",
"860Z200US48073","ZCTA5 48073","17668","574","39","39","668","139","286","104","496","161","871","238","2508","336","3293","451","5801","438","2610","363","1096","233",
"860Z200US48074","ZCTA5 48074","3830","185","35","40","158","111","698","176","781","161","311","134","351","120","366","162","465","193","423","160","242","105",
"860Z200US48075","ZCTA5 48075","10662","426","38","44","43","57","756","212","591","197","675","171","2225","317","3138","311","2241","361","652","167","303","165",
"860Z200US48076","ZCTA5 48076","10829","471","0","20","164","70","249","133","190","94","510","138","1861","281","4242","401","2414","315","711","189","488","170",
"860Z200US48079","ZCTA5 48079","5340","203","0","17","225","86","469","99","1190","178","682","152","584","128","397","113","506","171","436","155","851","196",
"860Z200US48080","ZCTA5 48080","11301","420","7","11","48","31","84","47","284","92","624","143","1635","286","2093","314","4915","381","1045","204","566","151",
"860Z200US48081","ZCTA5 48081","9554","355","5","8","117","58","148","86","225","101","399","123","663","201","1447","218","5215","361","748","164","587","159",
"860Z200US48082","ZCTA5 48082","7491","343","16","15","43","24","203","116","183","64","365","110","737","135","1380","189","3776","385","281","84","507","113",
"860Z200US48083","ZCTA5 48083","10234","499","58","48","483","123","862","226","1245","271","873","198","3557","345","1484","249","1222","411","169","64","281","106",
"860Z200US48084","ZCTA5 48084","7249","354","77","74","159","66","534","149","837","175","796","191","1916","257","1980","265","704","151","149","83","97","69",
"860Z200US48085","ZCTA5 48085","9350","359","9","13","568","153","729","152","1304","277","647","167","4106","426","981","188","490","133","121","61","395","252",
"860Z200US48088","ZCTA5 48088","9748","433","0","20","28","32","65","40","94","71","432","182","1624","242","6270","374","1009","263","122","75","104","59",
"860Z200US48089","ZCTA5 48089","13750","533","47","63","126","101","371","197","773","220","928","224","1911","361","3260","414","3720","427","1753","330","861","265",
"860Z200US48091","ZCTA5 48091","13027","491","0","23","548","198","533","196","918","264","690","229","2059","324","3177","442","3266","341","1319","269","517","164",
"860Z200US48092","ZCTA5 48092","11046","478","12","13","369","159","688","224","714","186","877","225","1194","224","4250","348","2415","381","314","103","213","88",
"860Z200US48093","ZCTA5 48093","10582","481","19","34","43","55","153","80","358","129","812","279","2269","401","4302","366","2225","250","197","142","204","90",
"860Z200US48094","ZCTA5 48094","8182","376","74","80","1179","246","2076","263","1877","304","1158","218","869","290","302","144","194","76","169","113","284","234",
"860Z200US48095","ZCTA5 48095","2094","144","17","28","151","80","493","106","217","87","210","73","478","140","330","128","99","58","22","24","77","64",
"860Z200US48096","ZCTA5 48096","1646","97","39","34","47","42","236","83","244","112","103","59","183","60","157","70","274","135","44","33","319","173",
"860Z200US48097","ZCTA5 48097","2294","139","0","15","32","21","335","114","387","72","223","60","306","61","104","35","197","64","156","45","554","111",
"860Z200US48098","ZCTA5 48098","7858","316","27","43","121","65","363","122","1527","198","2326","266","2131","267","824","184","432","108","48","33","59","33",
"860Z200US48101","ZCTA5 48101","12434","380","0","20","20","27","131","68","235","232","146","62","618","195","1754","308","6688","475","1955","299","887","203",
"860Z200US48103","ZCTA5 48103","25273","613","119","58","1133","237","2762","414","4791","453","3043","336","2407","261","2820","328","3638","434","1139","179","3421","325",
"860Z200US48104","ZCTA5 48104","19489","674","74","56","1724","360","784","201","1395","381","1926","365","1974","372","3568","466","1961","329","1256","221","4827","524",
"860Z200US48105","ZCTA5 48105","16736","647","321","165","894","210","1733","302","3062","452","2648","457","3527","416","2751","325","790","161","417","153","593","150",
"860Z200US48108","ZCTA5 48108","12411","547","34","33","652","177","1483","279","3244","325","1152","182","2577","344","2179","354","680","175","218","93","192","83",
"860Z200US48109","ZCTA5 48109","103","125","0","15","0","15","0","15","0","15","90","126","0","15","0","15","8","13","0","15","5","7",
"860Z200US48111","ZCTA5 48111","19141","714","5","7","881","258","3445","439","2959","501","2260","435","3799","460","1791","407","1965","427","886","243","1150","337",
"860Z200US48114","ZCTA5 48114","8200","295","26","21","792","155","841","142","1909","248","1327","211","2043","206","606","127","301","99","200","124","155","58",
"860Z200US48116","ZCTA5 48116","11924","348","74","52","469","106","1720","223","2672","270","1724","234","2305","292","988","214","990","158","334","100","648","143",
"860Z200US48117","ZCTA5 48117","4377","337","26","27","134","64","537","136","954","306","323","119","793","182","399","172","358","110","258","109","595","197",
"860Z200US48118","ZCTA5 48118","5810","238","9","14","296","90","856","172","1084","193","591","121","796","107","293","126","376","97","207","95","1302","276",
"860Z200US48120","ZCTA5 48120","2894","277","0","15","186","207","116","78","410","170","372","164","344","162","151","86","345","113","314","94","656","164",
"860Z200US48122","ZCTA5 48122","4811","388","0","17","0","17","367","314","265","186","114","102","375","159","594","240","606","195","1667","362","823","299",
"860Z200US48124","ZCTA5 48124","14642","550","34","43","65","36","404","149","253","81","472","116","879","260","983","216","5739","460","3520","386","2293","345",
"860Z200US48125","ZCTA5 48125","8796","454","0","20","11","17","105","85","115","74","154","73","579","194","1561","285","4352","495","1425","335","494","137",
"860Z200US48126","ZCTA5 48126","16577","611","0","26","706","176","865","302","1056","227","926","231","747","214","1164","284","2794","369","2497","338","5822","550",
"860Z200US48127","ZCTA5 48127","14639","581","0","23","149","117","715","299","221","87","619","217","1991","379","3551","391","5875","434","900","210","618","298",
"860Z200US48128","ZCTA5 48128","4611","326","0","17","28","37","22","23","62","47","116","72","130","76","160","75","1576","300","2012","230","505","170",
"860Z200US48130","ZCTA5 48130","6230","360","25","28","577","130","1682","293","1287","213","379","118","889","273","289","105","324","99","196","94","582","192",
"860Z200US48131","ZCTA5 48131","3654","284","35","33","498","196","961","242","381","139","195","123","312","140","188","81","169","98","275","200","640","199",
"860Z200US48133","ZCTA5 48133","2644","261","0","15","148","70","203","75","410","171","223","102","428","99","292","119","259","96","209","151","472","155",
"860Z200US48134","ZCTA5 48134","9343","519","62","81","1231","257","2263","393","1967","426","810","234","974","188","259","124","1050","220","186","85","541","172",
"860Z200US48135","ZCTA5 48135","11324","374","0","20","25","23","188","82","228","84","325","135","1202","257","1457","244","6279","407","1111","203","509","139",
"860Z200US48137","ZCTA5 48137","2366","323","4","6","116","68","329","108","341","188","160","85","437","173","160","94","95","55","327","215","397","143",
"860Z200US48138","ZCTA5 48138","4541","167","0","17","79","34","143","57","967","198","629","149","735","172","638","144","607","162","197","79","546","160",
"860Z200US48139","ZCTA5 48139","109","71","0","11","0","11","0","11","59","67","0","11","10","16","0","11","15","24","13","20","12","20",
"860Z200US48140","ZCTA5 48140","1242","147","0","11","41","53","139","68","158","76","68","49","290","101","123","54","107","54","49","42","267","97",
"860Z200US48141","ZCTA5 48141","11081","462","0","20","29","33","486","174","469","154","263","93","1431","361","1308","239","4835","466","1508","343","752","172",
"860Z200US48143","ZCTA5 48143","65","59","0","11","0","11","0","11","11","17","54","57","0","11","0","11","0","11","0","11","0","11",
"860Z200US48144","ZCTA5 48144","4100","313","0","15","127","63","648","149","913","245","447","236","408","167","547","158","472","145","171","88","367","169",
"860Z200US48145","ZCTA5 48145","1253","216","0","11","30","23","112","68","160","80","69","47","207","65","129","48","273","153","79","53","194","62",
"860Z200US48146","ZCTA5 48146","16048","606","0","23","70","53","241","124","286","149","458","152","942","201","2366","324","6580","547","2964","429","2141","419",
"860Z200US48150","ZCTA5 48150","10764","361","20","29","86","50","528","205","566","105","631","173","599","115","1338","204","5551","355","723","188","722","133",
"860Z200US48152","ZCTA5 48152","13044","488","0","23","355","146","619","124","1509","262","1987","243","2596","295","1984","209","2836","379","591","127","567","140",
"860Z200US48154","ZCTA5 48154","15347","502","0","23","104","46","681","194","591","178","1124","198","1710","241","6520","449","3844","384","455","100","318","114",
"860Z200US48157","ZCTA5 48157","715","101","0","11","24","25","69","36","71","30","17","11","105","41","41","27","145","69","88","31","155","55",
"860Z200US48158","ZCTA5 48158","3439","219","7","10","58","37","587","127","724","208","330","83","403","86","162","46","220","79","109","44","839","151",
"860Z200US48159","ZCTA5 48159","1127","143","7","10","35","30","117","68","123","66","67","52","138","44","59","30","147","67","95","42","339","85",
"860Z200US48160","ZCTA5 48160","5222","317","0","17","134","61","925","154","737","154","250","77","593","177","361","93","717","176","574","202","931","214",
"860Z200US48161","ZCTA5 48161","11843","396","52","39","519","168","1389","224","1474","254","799","205","1469","257","937","209","1693","250","1002","201","2509","260",
"860Z200US48162","ZCTA5 48162","12834","466","13","18","288","120","829","190","1334","277","1102","282","2319","326","1637","353","1917","303","1081","299","2314","418",
"860Z200US48164","ZCTA5 48164","3428","318","16","18","149","64","922","244","863","192","114","78","260","111","124","88","521","153","182","102","277","127",
"860Z200US48165","ZCTA5 48165","3474","290","0","15","960","235","523","161","655","178","640","159","407","198","211","113","16","25","4","6","58","50",
"860Z200US48166","ZCTA5 48166","5205","355","235","127","528","160","1321","314","939","188","263","110","441","194","140","86","370","141","430","232","538","175",
"860Z200US48167","ZCTA5 48167","10699","679","12","16","740","212","536","147","1816","358","2053","289","2686","377","793","150","710","368","210","108","1143","248",
"860Z200US48168","ZCTA5 48168","9421","394","41","48","701","161","3581","379","1754","319","945","163","1163","221","671","169","203","165","88","66","274","128",
"860Z200US48169","ZCTA5 48169","9126","372","22","21","411","132","1451","252","2214","262","882","162","1808","257","704","187","612","167","362","108","660","161",
"860Z200US48170","ZCTA5 48170","18283","538","110","78","857","185","1347","190","2719","335","2128","304","3659","402","2966","344","1575","213","875","200","2047","320",
"860Z200US48173","ZCTA5 48173","5274","309","36","51","175","77","1316","181","622","172","176","93","704","176","695","135","791","185","226","97","533","233",
"860Z200US48174","ZCTA5 48174","12770","528","56","50","834","232","1655","335","1551","301","669","139","2730","404","2232","323","1583","277","1068","268","392","117",
"860Z200US48176","ZCTA5 48176","8867","378","22","22","837","197","1414","246","1829","301","1244","262","1419","201","728","171","506","160","71","44","797","284",
"860Z200US48177","ZCTA5 48177","110","61","7","13","15","24","0","11","5","9","0","11","0","11","42","49","8","14","0","11","33","32",
"860Z200US48178","ZCTA5 48178","14022","501","110","64","2248","232","2686","379","3601","365","1343","251","1805","277","968","170","645","186","172","89","444","117",
"860Z200US48179","ZCTA5 48179","1507","154","12","20","63","34","333","94","195","51","70","33","211","118","157","49","202","99","39","25","225","74",
"860Z200US48180","ZCTA5 48180","26469","611","81","60","331","130","1537","258","1171","331","1238","260","4877","468","5682","648","8134","656","2011","331","1407","251",
"860Z200US48182","ZCTA5 48182","8864","432","5","10","682","190","1180","217","1534","299","596","136","1339","345","1126","233","1168","206","385","158","849","218",
"860Z200US48183","ZCTA5 48183","18314","585","15","22","451","149","2437","506","2335","371","929","209","4953","464","2417","280","3294","270","656","170","827","185",
"860Z200US48184","ZCTA5 48184","7941","376","0","17","0","17","279","133","408","152","463","142","1121","219","1426","265","2214","248","1226","267","804","197",
"860Z200US48185","ZCTA5 48185","23411","772","14","23","326","137","1124","260","2902","435","3406","680","4882","451","4257","551","5065","384","954","211","481","133",
"860Z200US48186","ZCTA5 48186","14451","545","0","23","90","71","737","229","1105","216","670","173","2414","337","3358","442","3648","353","1886","317","543","171",
"860Z200US48187","ZCTA5 48187","20487","593","96","81","1311","199","2214","259","3751","412","3123","394","7842","491","1506","248","366","108","76","43","202","78",
"860Z200US48188","ZCTA5 48188","16805","540","94","59","1894","214","4240","386","5212","367","1525","309","3178","404","171","78","227","105","185","96","79","53",
"860Z200US48189","ZCTA5 48189","6336","435","15","17","214","102","788","192","1614","250","1106","287","779","170","467","237","433","166","362","152","558","149",
"860Z200US48190","ZCTA5 48190","72","50","0","11","0","11","10","16","0","11","0","11","0","11","0","11","13","19","0","11","49","42",
"860Z200US48191","ZCTA5 48191","1625","190","9","14","83","55","480","161","317","89","41","36","203","94","66","39","221","118","16","18","189","96",
"860Z200US48192","ZCTA5 48192","11596","383","0","20","136","62","312","98","529","118","220","99","591","146","975","188","3196","307","2175","277","3462","290",
"860Z200US48193","ZCTA5 48193","6928","386","0","17","8","13","298","104","542","185","870","298","1939","265","1385","265","1321","207","404","151","161","99",
"860Z200US48195","ZCTA5 48195","13177","419","30","31","173","143","977","254","711","155","915","291","2048","300","1893","315","4532","375","1479","251","419","131",
"860Z200US48197","ZCTA5 48197","27899","723","103","60","1480","215","4578","408","4444","410","2963","383","6022","534","2621","361","1530","222","1165","275","2993","383",
"860Z200US48198","ZCTA5 48198","17481","472","84","79","549","165","1770","323","1824","307","1569","291","2899","374","2950","351","3596","377","1290","282","950","152",
"860Z200US48201","ZCTA5 48201","9684","445","34","27","874","216","1725","213","531","120","684","155","1251","263","367","128","562","229","269","90","3387","382",
"860Z200US48202","ZCTA5 48202","9792","552","5","9","526","128","586","164","406","182","353","132","826","321","230","79","461","119","632","167","5767","521",
"860Z200US48203","ZCTA5 48203","14034","496","21","34","39","32","686","211","415","133","486","153","1119","298","1221","282","2270","280","2520","296","5257","390",
"860Z200US48204","ZCTA5 48204","13874","543","0","20","11","13","13","15","228","89","167","80","268","124","937","227","1805","280","1927","286","8518","489",
"860Z200US48205","ZCTA5 48205","17150","577","0","23","39","48","169","120","117","76","261","107","416","118","1890","384","5516","512","5733","509","3009","355",
"860Z200US48206","ZCTA5 48206","11013","592","7","12","76","57","120","65","380","196","334","110","259","88","302","107","925","201","1610","228","7000","577",
"860Z200US48207","ZCTA5 48207","12683","474","0","20","819","205","538","159","932","190","1572","308","1864","251","2843","317","1200","310","481","146","2434","262",
"860Z200US48208","ZCTA5 48208","5217","390","0","15","32","28","824","286","213","78","233","96","601","187","290","101","285","112","250","79","2489","238",
"860Z200US48209","ZCTA5 48209","10825","671","0","20","80","66","214","93","198","108","378","230","450","259","585","278","959","253","951","203","7010","526",
"860Z200US48210","ZCTA5 48210","10511","455","0","20","58","39","222","91","233","85","381","104","339","129","540","263","1192","233","1073","204","6473","472",
"860Z200US48211","ZCTA5 48211","2546","214","0","15","69","49","181","89","41","32","19","21","64","42","74","45","278","101","284","110","1536","177",
"860Z200US48212","ZCTA5 48212","14693","490","0","23","101","64","408","138","279","101","457","150","564","166","999","176","1729","285","2390","321","7766","501",
"860Z200US48213","ZCTA5 48213","11564","541","8","11","60","42","117","78","204","95","190","73","570","213","927","303","2410","244","2367","318","4711","357",
"860Z200US48214","ZCTA5 48214","13185","608","0","17","127","67","860","271","298","139","390","111","659","291","1158","327","1308","274","1456","366","6929","452",
"860Z200US48215","ZCTA5 48215","6111","344","0","17","86","49","665","114","541","188","298","96","184","93","188","71","978","207","828","199","2343","284",
"860Z200US48216","ZCTA5 48216","3102","347","0","15","130","57","441","118","68","42","80","41","209","81","112","55","114","58","223","143","1725","300",
"860Z200US48217","ZCTA5 48217","3016","252","0","15","0","15","52","62","0","15","35","45","295","134","299","170","1120","254","638","212","577","166",
"860Z200US48218","ZCTA5 48218","3483","304","0","15","28","31","79","59","107","76","98","71","118","68","468","170","519","142","483","128","1583","263",
"860Z200US48219","ZCTA5 48219","20626","764","66","69","1","3","228","128","301","121","353","121","1461","379","2544","437","8274","646","4729","544","2669","360",
"860Z200US48220","ZCTA5 48220","12014","336","57","45","176","91","324","112","178","90","362","149","930","288","1097","270","1989","310","2074","306","4827","405",
"860Z200US48221","ZCTA5 48221","17310","706","0","23","20","32","169","106","254","115","78","51","381","139","1284","275","4046","461","4345","536","6733","675",
"860Z200US48223","ZCTA5 48223","11376","501","0","20","57","45","329","155","281","102","249","102","395","135","1026","187","3326","386","2953","367","2760","377",
"860Z200US48224","ZCTA5 48224","16752","713","0","23","46","39","300","84","148","75","445","159","756","227","1158","257","3586","502","4993","538","5320","422",
"860Z200US48225","ZCTA5 48225","6208","415","0","17","4","9","6","11","122","86","295","146","342","127","756","249","3202","373","1253","266","228","85",
"860Z200US48226","ZCTA5 48226","4986","310","85","79","359","159","85","69","175","98","1331","222","310","134","262","148","164","120","188","101","2027","289",
"860Z200US48227","ZCTA5 48227","19532","731","0","23","61","44","88","63","249","119","304","106","565","185","1238","262","4239","434","6447","581","6341","608",
"860Z200US48228","ZCTA5 48228","22432","851","0","26","479","156","529","160","375","109","659","253","1282","374","1783","266","6891","592","6509","684","3925","511",
"860Z200US48229","ZCTA5 48229","4124","324","17","26","93","86","186","102","76","55","47","41","344","208","566","190","1029","221","492","144","1274","247",
"860Z200US48230","ZCTA5 48230","7427","308","7","11","42","37","118","92","123","61","104","59","198","84","296","88","1238","244","794","191","4507","357",
"860Z200US48233","ZCTA5 48233","0","11","0","11","0","11","0","11","0","11","0","11","0","11","0","11","0","11","0","11","0","11",
"860Z200US48234","ZCTA5 48234","15681","743","10","17","17","30","45","37","311","116","400","146","628","257","1244","241","5388","562","4562","544","3076","511",
"860Z200US48235","ZCTA5 48235","20579","822","0","23","50","57","201","102","343","168","322","143","770","235","1062","330","10926","1009","4785","525","2120","379",
"860Z200US48236","ZCTA5 48236","12982","413","0","23","236","102","331","129","179","67","326","123","525","142","1592","265","4344","450","3069","458","2380","266",
"860Z200US48237","ZCTA5 48237","12868","475","0","20","178","118","184","109","264","131","420","122","1561","343","2180","347","6310","484","1599","338","172","60",
"860Z200US48238","ZCTA5 48238","15871","783","0","20","130","98","378","124","245","118","459","381","162","91","351","135","1988","422","4815","516","7343","568",
"860Z200US48239","ZCTA5 48239","14720","546","0","23","357","175","212","109","323","148","152","88","558","180","1921","300","8195","666","2179","272","823","208",
"860Z200US48240","ZCTA5 48240","7052","420","0","17","32","39","165","97","334","208","89","65","217","89","560","151","4140","398","1190","236","325","117",
"860Z200US48242","ZCTA5 48242","0","11","0","11","0","11","0","11","0","11","0","11","0","11","0","11","0","11","0","11","0","11",
"860Z200US48243","ZCTA5 48243","0","11","0","11","0","11","0","11","0","11","0","11","0","11","0","11","0","11","0","11","0","11",
"860Z200US48301","ZCTA5 48301","6219","350","8","14","166","73","495","301","293","114","482","124","557","174","1511","187","2183","259","283","97","241","199",
"860Z200US48302","ZCTA5 48302","7054","372","66","75","164","77","395","126","659","101","875","166","1755","243","1770","254","1057","221","97","46","216","97",
"860Z200US48304","ZCTA5 48304","7266","378","11","15","266","106","274","101","655","184","936","159","1519","286","2131","314","1113","228","143","81","218","94",
"860Z200US48306","ZCTA5 48306","10356","498","55","57","471","129","2067","248","2713","419","1923","217","1629","289","861","183","423","130","40","32","174","108",
"860Z200US48307","ZCTA5 48307","19495","516","45","32","929","180","2277","353","3852","402","4229","353","3762","521","1668","394","1162","189","448","129","1123","175",
"860Z200US48309","ZCTA5 48309","11711","459","29","26","821","178","908","228","1425","179","2982","340","2658","226","1413","254","904","172","202","69","369","114",
"860Z200US48310","ZCTA5 48310","15212","498","52","49","496","139","543","162","1340","258","3553","413","5655","393","2692","415","516","132","299","153","66","63",
"860Z200US48312","ZCTA5 48312","14156","514","8","13","362","173","1043","291","1368","220","1694","391","3635","416","5330","572","549","168","88","61","79","56",
"860Z200US48313","ZCTA5 48313","14247","620","12","19","335","149","1566","424","1311","224","2215","281","5168","569","2241","283","1029","186","277","111","93","58",
"860Z200US48314","ZCTA5 48314","9176","490","35","52","444","165","2364","382","2729","298","780","228","694","168","884","240","975","177","115","72","156","73",
"860Z200US48315","ZCTA5 48315","11110","497","19","24","641","212","2102","289","4362","467","2323","345","1140","298","239","106","168","82","67","71","49","58",
"860Z200US48316","ZCTA5 48316","11803","559","188","123","1412","329","2221","317","2494","375","759","276","1753","280","1937","369","815","199","88","69","136","85",
"860Z200US48317","ZCTA5 48317","12880","676","38","36","527","156","1530","344","1474","260","2146","466","2403","461","1784","305","2171","429","402","150","405","180",
"860Z200US48320","ZCTA5 48320","2232","143","0","11","126","90","237","108","72","41","111","56","365","97","303","94","249","67","145","68","624","127",
"860Z200US48322","ZCTA5 48322","13402","499","13","21","280","85","1451","278","2056","230","4007","389","2609","277","1876","251","1014","241","39","34","57","44",
"860Z200US48323","ZCTA5 48323","6496","431","0","17","227","126","459","146","1174","256","1006","182","2108","263","653","117","401","139","99","74","369","278",
"860Z200US48324","ZCTA5 48324","6716","401","52","53","251","209","420","140","1351","165","869","165","1291","215","482","123","1076","171","291","90","633","232",
"860Z200US48326","ZCTA5 48326","12073","464","79","65","1083","200","1726","275","2686","404","1909","307","1183","265","1505","259","894","165","370","113","638","133",
"860Z200US48327","ZCTA5 48327","9871","455","11","17","169","80","1004","219","1932","271","1454","279","1864","233","1166","221","1566","234","412","112","293","98",
"860Z200US48328","ZCTA5 48328","11922","476","0","20","159","71","632","165","1442","218","1244","189","2509","409","1913","341","1950","282","972","194","1101","225",
"860Z200US48329","ZCTA5 48329","10301","431","27","31","109","60","472","132","1083","179","1082","276","1260","255","1893","308","2510","300","673","178","1192","214",
"860Z200US48331","ZCTA5 48331","9364","566","0","20","94","53","321","110","2207","428","3148","305","2046","297","773","166","689","217","42","38","44","31",
"860Z200US48334","ZCTA5 48334","8300","401","0","17","82","64","278","81","688","195","1326","387","2111","296","1847","316","1620","233","226","90","122","60",
"860Z200US48335","ZCTA5 48335","11823","578","27","31","155","91","259","126","2866","504","3613","457","2502","311","1266","222","771","213","121","97","243","101",
"860Z200US48336","ZCTA5 48336","12377","618","0","20","193","107","282","113","1271","294","1601","340","2267","450","2673","329","2610","382","609","139","871","301",
"860Z200US48340","ZCTA5 48340","12059","738","21","22","200","129","1011","404","1327","257","770","250","2265","458","1643","353","2268","397","1038","462","1516","331",
"860Z200US48341","ZCTA5 48341","8682","574","0","17","76","57","788","252","515","228","273","158","970","264","772","232","1690","383","1041","255","2557","332",
"860Z200US48342","ZCTA5 48342","7455","519","24","42","180","118","578","185","154","103","536","209","822","255","1302","388","1104","237","690","205","2065","336",
"860Z200US48346","ZCTA5 48346","10055","508","19","29","325","154","735","174","2500","334","1613","298","1957","477","846","178","1410","231","184","78","466","156",
"860Z200US48348","ZCTA5 48348","9063","421","33","30","671","136","1515","234","2577","284","1661","320","1346","194","573","176","452","128","89","49","146","68",
"860Z200US48350","ZCTA5 48350","2837","220","11","18","278","150","274","101","813","188","364","101","602","197","173","89","122","80","82","52","118","56",
"860Z200US48353","ZCTA5 48353","2894","245","47","62","68","38","479","131","965","184","231","131","584","155","232","105","116","61","115","69","57","37",
"860Z200US48356","ZCTA5 48356","3409","218","33","38","61","25","301","138","445","107","506","145","755","128","326","79","511","172","181","77","290","89",
"860Z200US48357","ZCTA5 48357","3358","277","7","11","278","101","439","111","632","145","489","144","812","147","308","215","140","59","17","18","236","112",
"860Z200US48359","ZCTA5 48359","4275","299","37","33","838","240","404","107","992","162","268","96","726","162","308","81","537","153","105","114","60","30",
"860Z200US48360","ZCTA5 48360","5015","288","11","19","632","134","559","172","1730","251","522","138","869","171","444","153","112","61","55","41","81","69",
"860Z200US48362","ZCTA5 48362","6415","317","0","17","332","162","542","117","1328","275","654","125","934","169","338","106","804","167","647","146","836","135",
"860Z200US48363","ZCTA5 48363","2452","213","10","18","785","181","328","100","313","95","174","67","316","107","254","106","125","59","7","12","140","70",
"860Z200US48367","ZCTA5 48367","1600","171","8","13","56","35","378","103","329","77","185","64","230","80","70","37","70","52","45","46","229","95",
"860Z200US48370","ZCTA5 48370","561","91","0","11","0","11","15","17","231","77","69","49","77","47","40","43","13","14","41","32","75","52",
"860Z200US48371","ZCTA5 48371","9776","483","36","31","1302","407","2147","256","2223","265","954","174","1286","214","659","180","327","124","245","96","597","137",
"860Z200US48374","ZCTA5 48374","5943","330","44","48","1210","322","1426","240","2030","281","787","152","123","71","204","101","100","76","19","36","0","17",
"860Z200US48375","ZCTA5 48375","10305","616","106","83","510","228","977","229","1888","299","2246","325","3534","529","360","103","662","188","10","18","12","20",
"860Z200US48377","ZCTA5 48377","9880","437","21","24","1682","342","2808","409","2422","321","1223","297","840","194","321","130","224","97","76","73","263","129",
"860Z200US48380","ZCTA5 48380","2867","249","0","15","162","67","675","134","573","131","317","95","600","181","230","90","76","50","93","55","141","63",
"860Z200US48381","ZCTA5 48381","5762","308","15","17","806","227","609","198","1116","213","993","231","749","251","313","109","407","107","158","112","596","133",
"860Z200US48382","ZCTA5 48382","8794","362","17","21","699","195","1355","195","1820","292","856","132","1518","277","1067","292","803","153","267","101","392","98",
"860Z200US48383","ZCTA5 48383","4884","230","32","39","343","122","521","123","1431","222","508","121","1087","181","370","171","233","82","137","64","222","84",
"860Z200US48386","ZCTA5 48386","7600","418","16","26","344","112","1537","276","962","194","1093","345","1278","208","715","185","658","177","334","103","663","173",
"860Z200US48390","ZCTA5 48390","10913","438","40","38","765","149","2117","303","2371","321","1310","206","1704","221","740","153","1318","236","289","77","259","75",
"860Z200US48393","ZCTA5 48393","9457","384","7","10","391","128","1043","247","2386","354","1943","356","2499","476","643","185","241","102","51","37","253","115",
"860Z200US48401","ZCTA5 48401","766","129","0","11","35","23","50","30","138","40","81","49","138","80","77","41","35","16","30","16","182","71",
"860Z200US48410","ZCTA5 48410","73","32","0","11","0","11","0","11","0","11","3","6","0","11","24","18","6","8","17","19","23","20",
"860Z200US48411","ZCTA5 48411","30","47","0","11","0","11","0","11","0","11","0","11","0","11","30","47","0","11","0","11","0","11",
"860Z200US48412","ZCTA5 48412","2371","182","0","15","73","55","268","83","529","120","194","68","306","84","135","72","171","70","154","105","541","149",
"860Z200US48413","ZCTA5 48413","3324","163","0","15","57","19","296","107","322","66","287","77","603","124","514","94","416","99","248","67","581","104",
"860Z200US48414","ZCTA5 48414","1175","157","0","11","0","11","171","60","98","44","85","46","248","121","82","41","124","56","50","28","317","83",
"860Z200US48415","ZCTA5 48415","3949","302","44","55","146","110","303","127","588","148","215","85","992","189","672","195","367","138","183","75","439","152",
"860Z200US48416","ZCTA5 48416","2056","139","0","15","143","81","253","56","354","87","188","54","329","65","128","44","161","50","76","26","424","82",
"860Z200US48417","ZCTA5 48417","1122","202","0","11","6","12","111","66","98","52","136","86","299","134","148","72","210","95","31","20","83","48",
"860Z200US48418","ZCTA5 48418","1674","180","14","18","36","29","459","121","259","76","78","36","350","85","80","36","70","34","89","42","239","89",
"860Z200US48419","ZCTA5 48419","1277","124","2","5","49","27","164","62","212","42","151","45","153","43","82","30","116","38","85","39","263","75",
"860Z200US48420","ZCTA5 48420","9033","300","16","21","167","71","731","157","994","250","776","162","2363","281","1258","223","1482","218","429","121","817","173",
"860Z200US48421","ZCTA5 48421","2997","281","5","7","45","31","174","74","468","154","260","87","1012","197","180","89","249","130","298","199","306","78",
"860Z200US48422","ZCTA5 48422","2792","210","4","6","81","47","420","131","360","92","276","96","315","105","192","91","303","122","110","46","731","169",
"860Z200US48423","ZCTA5 48423","15502","551","67","94","1091","315","2105","334","2339","397","1451","269","3518","400","2119","348","1415","202","537","183","860","203",
"860Z200US48426","ZCTA5 48426","439","62","0","11","4","4","33","12","40","24","28","20","74","25","50","36","24","14","40","18","146","48",
"860Z200US48427","ZCTA5 48427","1681","118","8","10","80","35","138","39","151","36","127","44","265","74","174","53","254","63","201","62","283","60",
"860Z200US48428","ZCTA5 48428","2133","173","0","15","75","39","278","84","577","123","327","139","268","81","230","97","54","37","74","79","250","87",
"860Z200US48429","ZCTA5 48429","4164","264","0","15","0","15","282","118","323","121","155","89","1190","255","405","112","420","119","410","136","979","188",
"860Z200US48430","ZCTA5 48430","16296","550","33","50","1269","254","2615","458","3319","409","2021","310","2303","341","1532","304","1418","346","551","151","1235","237",
"860Z200US48432","ZCTA5 48432","278","57","0","11","4","4","22","15","11","6","37","19","58","24","59","46","26","16","16","9","45","19",
"860Z200US48433","ZCTA5 48433","10571","460","0","20","180","84","1114","240","1770","350","793","163","2270","274","1931","228","1120","256","423","192","970","269",
"860Z200US48434","ZCTA5 48434","142","35","0","11","8","7","10","10","0","11","16","12","14","10","6","7","29","17","32","28","27","14",
"860Z200US48435","ZCTA5 48435","911","161","0","11","3","4","71","35","296","92","61","50","99","39","59","45","42","37","115","105","165","58",
"860Z200US48436","ZCTA5 48436","1591","136","0","11","5","8","265","101","316","84","121","68","303","73","161","46","111","49","28","18","281","85",
"860Z200US48437","ZCTA5 48437","224","75","0","11","0","11","6","11","77","57","57","55","8","14","5","9","21","20","25","25","25","22",
"860Z200US48438","ZCTA5 48438","2777","276","0","15","68","36","426","132","693","176","197","87","684","199","200","91","237","122","7","9","265","118",
"860Z200US48439","ZCTA5 48439","21876","697","61","52","1417","298","4307","474","3925","571","1585","351","4156","520","3328","454","2074","466","275","122","748","215",
"860Z200US48440","ZCTA5 48440","58","33","0","11","0","11","40","34","0","11","0","11","0","11","0","11","0","11","18","31","0","11",
"860Z200US48441","ZCTA5 48441","2234","108","0","11","40","21","208","54","213","53","299","65","219","56","150","40","329","61","212","48","564","92",
"860Z200US48442","ZCTA5 48442","9575","572","26","30","689","150","1517","299","2162","490","1082","379","1523","303","733","193","754","223","286","100","803","186",
"860Z200US48444","ZCTA5 48444","4005","223","14","14","121","57","584","101","1043","195","331","103","449","108","200","67","282","87","210","83","771","170",
"860Z200US48445","ZCTA5 48445","688","70","0","11","21","16","58","23","59","24","60","23","95","29","86","29","73","29","64","28","172","33",
"860Z200US48446","ZCTA5 48446","12870","329","43","38","359","112","1480","313","1744","295","1706","307","3392","356","1319","253","890","192","546","167","1391","260",
"860Z200US48449","ZCTA5 48449","1135","160","0","11","0","11","115","88","181","65","95","49","311","75","191","72","110","47","45","28","87","35",
"860Z200US48450","ZCTA5 48450","4158","275","0","11","147","70","245","84","366","95","486","118","569","143","580","145","864","169","355","130","546","148",
"860Z200US48451","ZCTA5 48451","5885","329","42","43","358","97","1391","219","1351","206","312","95","804","190","533","158","465","125","149","68","480","117",
"860Z200US48453","ZCTA5 48453","2213","134","0","11","25","17","138","47","194","46","210","69","488","82","242","57","334","64","130","43","452","72",
"860Z200US48454","ZCTA5 48454","499","55","0","11","6","5","57","17","110","30","58","19","57","22","23","10","18","13","39","19","131","35",
"860Z200US48455","ZCTA5 48455","3229","279","16","24","104","54","358","124","746","154","475","126","819","160","227","84","68","45","64","41","352","105",
"860Z200US48456","ZCTA5 48456","377","53","0","11","10","11","37","25","25","16","33","16","44","16","5","5","28","12","53","28","142","37",
"860Z200US48457","ZCTA5 48457","3603","251","14","21","112","84","454","128","321","86","204","81","839","171","460","106","550","145","137","65","512","141",
"860Z200US48458","ZCTA5 48458","9059","415","5","8","39","27","385","132","584","194","834","207","1631","278","2012","335","1622","229","720","216","1227","350",
"860Z200US48460","ZCTA5 48460","1097","132","0","11","10","9","47","20","179","74","75","33","272","63","158","56","95","40","71","50","190","61",
"860Z200US48461","ZCTA5 48461","3172","236","0","15","50","42","537","142","494","179","375","136","648","161","245","94","160","85","199","134","464","123",
"860Z200US48462","ZCTA5 48462","5104","337","8","14","189","102","565","138","986","175","708","200","1176","197","601","152","272","92","285","228","314","88",
"860Z200US48463","ZCTA5 48463","1873","150","0","11","36","29","129","47","282","73","201","61","404","119","230","86","211","76","44","28","336","120",
"860Z200US48464","ZCTA5 48464","1128","130","0","11","14","19","102","34","172","75","98","45","123","51","131","86","94","40","78","35","316","80",
"860Z200US48465","ZCTA5 48465","397","61","0","11","13","13","34","15","34","17","47","23","52","26","39","20","38","22","51","26","89","37",
"860Z200US48466","ZCTA5 48466","706","91","0","11","33","20","64","30","99","32","88","34","114","49","80","32","79","26","53","31","96","34",
"860Z200US48467","ZCTA5 48467","2987","129","4","6","69","30","278","66","332","63","501","77","527","101","284","59","399","69","267","70","326","59",
"860Z200US48468","ZCTA5 48468","1044","74","3","5","27","15","80","28","132","33","150","42","105","28","88","26","172","42","89","47","198","38",
"860Z200US48469","ZCTA5 48469","1012","113","0","11","42","25","78","43","181","64","95","37","163","47","65","33","167","55","76","43","145","54",
"860Z200US48470","ZCTA5 48470","313","48","0","11","3","5","15","9","25","13","18","12","63","25","25","16","39","21","33","16","92","30",
"860Z200US48471","ZCTA5 48471","2511","142","9","9","48","28","176","42","356","71","268","122","426","83","271","78","338","88","210","69","409","85",
"860Z200US48472","ZCTA5 48472","691","83","0","11","30","25","32","15","71","23","72","36","96","28","56","22","63","25","50","25","221","66",
"860Z200US48473","ZCTA5 48473","9985","437","10","16","376","157","1206","213","1641","282","1198","365","1935","221","1941","328","792","191","358","195","528","206",
"860Z200US48475","ZCTA5 48475","1140","90","0","11","12","10","142","35","147","33","103","26","170","36","103","20","153","36","77","29","233","37",
"860Z200US48476","ZCTA5 48476","271","69","0","11","0","11","6","7","4","6","0","11","45","18","36","26","56","34","16","15","108","48",
"860Z200US48502","ZCTA5 48502","195","61","0","11","8","12","4","8","5","8","0","11","0","11","0","11","16","21","6","15","156","58",
"860Z200US48503","ZCTA5 48503","11591","532","27","23","83","56","352","133","129","67","490","134","1516","284","1529","319","2493","356","1503","269","3469","412",
"860Z200US48504","ZCTA5 48504","12605","531","96","74","170","85","281","101","482","149","551","156","1005","231","2207","358","4211","475","1459","318","2143","326",
"860Z200US48505","ZCTA5 48505","10572","564","0","17","11","14","178","102","304","112","221","99","857","229","2013","324","3941","335","804","163","2243","349",
"860Z200US48506","ZCTA5 48506","11051","420","42","41","37","30","385","119","889","215","479","117","1184","205","1835","238","3004","305","1186","199","2010","321",
"860Z200US48507","ZCTA5 48507","13664","607","25","42","30","36","504","211","701","242","1139","290","2042","324","3559","416","3606","557","918","284","1140","222",
"860Z200US48509","ZCTA5 48509","4049","314","0","15","33","28","164","75","334","133","121","59","359","114","675","135","1544","313","472","221","347","126",
"860Z200US48519","ZCTA5 48519","3655","344","38","43","157","98","553","132","552","173","365","253","457","117","409","134","648","148","304","166","172","67",
"860Z200US48529","ZCTA5 48529","4343","377","0","15","0","15","122","88","92","98","177","138","759","280","544","203","1518","333","729","260","402","132",
"860Z200US48532","ZCTA5 48532","9392","519","0","20","213","141","670","180","1147","330","749","254","1967","325","1878","339","1745","380","449","148","574","249",
"860Z200US48601","ZCTA5 48601","16211","597","9","14","149","81","614","168","543","163","937","283","2435","403","2832","389","3654","493","1941","356","3097","395",
"860Z200US48602","ZCTA5 48602","12077","502","41","37","170","76","38","31","161","72","312","119","725","212","1545","246","2422","307","1580","303","5083","523",
"860Z200US48603","ZCTA5 48603","13396","450","43","48","688","179","1826","291","1874","326","1488","323","2973","367","2173","331","1755","295","137","62","439","249",
"860Z200US48604","ZCTA5 48604","4638","490","0","17","150","79","285","112","423","163","331","162","639","145","772","183","1173","311","226","101","639","170",
"860Z200US48607","ZCTA5 48607","883","121","0","11","0","11","0","11","12","17","10","16","36","22","33","29","110","60","32","30","650","116",
"860Z200US48609","ZCTA5 48609","5530","267","0","17","146","64","650","150","925","198","497","188","1447","222","889","131","448","129","181","77","347","114",
"860Z200US48610","ZCTA5 48610","2704","196","0","11","87","51","422","91","449","107","415","71","533","108","401","111","194","54","107","52","96","42",
"860Z200US48611","ZCTA5 48611","2690","251","18","27","67","56","319","104","306","119","260","122","432","108","451","170","405","123","128","75","304","121",
"860Z200US48612","ZCTA5 48612","5261","241","40","27","170","62","769","124","796","100","821","145","847","130","679","131","519","108","298","75","322","91",
"860Z200US48613","ZCTA5 48613","498","70","0","11","12","10","59","36","81","35","61","26","140","45","31","20","18","12","26","14","70","32",
"860Z200US48614","ZCTA5 48614","484","60","0","11","12","10","78","38","53","20","58","20","80","21","76","26","38","19","15","8","74","38",
"860Z200US48615","ZCTA5 48615","1151","93","0","11","40","23","56","22","131","41","119","45","193","60","161","51","161","42","65","27","225","47",
"860Z200US48616","ZCTA5 48616","3273","181","0","15","30","17","322","89","275","75","405","96","639","143","287","88","538","106","123","55","654","138",
"860Z200US48617","ZCTA5 48617","4110","258","3","4","130","55","488","107","517","111","382","122","711","130","654","154","395","134","163","61","667","161",
"860Z200US48618","ZCTA5 48618","2358","189","9","9","71","38","256","74","399","121","326","100","361","76","281","79","147","51","121","50","387","84",
"860Z200US48619","ZCTA5 48619","479","62","0","11","0","11","49","25","49","21","43","31","132","44","78","24","47","23","40","20","41","20",
"860Z200US48620","ZCTA5 48620","123","58","0","11","0","11","19","26","39","44","0","11","0","11","13","18","18","22","0","11","34","39",
"860Z200US48621","ZCTA5 48621","701","100","0","11","14","23","120","48","108","41","99","47","128","52","79","44","52","33","32","21","69","39",
"860Z200US48622","ZCTA5 48622","3216","222","18","19","51","29","561","132","504","114","448","118","788","174","389","115","242","83","73","32","142","61",
"860Z200US48623","ZCTA5 48623","5427","278","35","34","446","124","994","194","1102","214","397","113","781","226","473","138","496","148","118","59","585","185",
"860Z200US48624","ZCTA5 48624","11156","282","17","17","356","98","1626","190","1912","169","1571","206","2120","193","1158","174","1188","158","555","127","653","94",
"860Z200US48625","ZCTA5 48625","10869","307","4","6","160","55","974","163","1403","181","1162","179","2589","282","2046","212","1556","222","560","134","415","116",
"860Z200US48626","ZCTA5 48626","2420","168","0","15","55","42","340","88","311","117","127","52","615","132","307","99","268","82","95","50","302","108",
"860Z200US48627","ZCTA5 48627","301","79","0","11","0","11","14","21","0","11","43","27","77","44","89","44","55","32","23","23","0","11",
"860Z200US48628","ZCTA5 48628","1054","123","4","6","30","22","166","54","149","54","171","75","173","46","145","44","81","34","23","17","112","43",
"860Z200US48629","ZCTA5 48629","7235","374","17","17","317","130","845","201","980","157","996","174","1658","271","1199","218","755","160","322","115","146","74",
"860Z200US48630","ZCTA5 48630","163","89","0","11","0","11","0","11","32","31","15","24","24","39","29","46","23","39","0","11","40","47",
"860Z200US48631","ZCTA5 48631","1924","258","0","11","14","19","196","100","303","133","201","102","455","142","98","47","244","104","120","78","293","144",
"860Z200US48632","ZCTA5 48632","4438","221","0","15","184","70","732","125","1020","160","555","121","709","153","361","80","366","114","293","78","218","81",
"860Z200US48633","ZCTA5 48633","383","95","0","11","33","32","22","30","78","37","18","22","95","58","60","42","42","21","19","20","16","26",
"860Z200US48634","ZCTA5 48634","2191","206","0","11","58","56","88","39","110","49","178","78","519","153","389","193","323","109","113","63","413","173",
"860Z200US48635","ZCTA5 48635","1664","131","0","11","58","26","182","50","175","53","278","74","303","71","216","49","134","44","106","45","212","71",
"860Z200US48636","ZCTA5 48636","963","133","0","11","8","13","114","89","61","39","83","46","229","72","137","60","180","63","118","67","33","31",
"860Z200US48637","ZCTA5 48637","1325","128","8","10","30","19","88","29","89","32","72","25","379","79","153","47","167","41","102","46","237","51",
"860Z200US48638","ZCTA5 48638","6500","438","0","17","16","27","130","104","392","169","690","224","2441","368","1098","291","1322","286","284","113","127","75",
"860Z200US48640","ZCTA5 48640","14254","406","61","50","641","179","888","205","1992","282","1483","260","2804","344","2273","320","1777","232","763","170","1572","247",
"860Z200US48642","ZCTA5 48642","14523","440","61","38","1089","227","895","172","2367","336","1491","318","2953","340","2072","282","2230","344","790","215","575","192",
"860Z200US48647","ZCTA5 48647","3106","173","0","11","28","16","242","68","424","99","300","81","682","113","690","121","333","82","249","73","158","58",
"860Z200US48649","ZCTA5 48649","623","93","0","11","21","20","39","20","94","43","78","41","62","29","69","45","70","28","64","29","126","42",
"860Z200US48650","ZCTA5 48650","2950","206","14","19","77","52","158","45","391","92","246","64","705","114","334","81","467","97","276","132","282","81",
"860Z200US48651","ZCTA5 48651","3844","289","22","36","54","45","342","106","392","135","726","160","1056","231","612","147","314","109","153","85","173","138",
"860Z200US48652","ZCTA5 48652","797","116","3","5","24","16","131","36","218","87","88","30","138","35","58","23","86","63","24","15","27","14",
"860Z200US48653","ZCTA5 48653","9745","280","6","7","212","77","954","163","1572","238","1843","237","1894","238","1361","191","1052","184","477","110","374","96",
"860Z200US48654","ZCTA5 48654","1972","158","0","11","32","17","237","54","280","68","225","64","279","58","285","82","358","96","126","62","150","45",
"860Z200US48655","ZCTA5 48655","2484","149","11","17","45","30","212","70","317","101","236","64","501","81","323","84","270","90","97","40","472","98",
"860Z200US48656","ZCTA5 48656","3850","201","0","11","64","40","131","46","445","118","647","134","940","142","908","139","592","135","64","33","59","35",
"860Z200US48657","ZCTA5 48657","3435","215","7","10","73","40","519","169","809","131","341","96","869","173","240","85","345","133","93","44","139","54",
"860Z200US48658","ZCTA5 48658","2410","125","0","11","79","34","218","53","273","57","319","67","536","76","278","72","186","65","189","49","332","65",
"860Z200US48659","ZCTA5 48659","1253","130","6","8","11","9","107","31","220","50","301","119","266","71","78","26","41","16","63","21","160","42",
"860Z200US48661","ZCTA5 48661","6413","215","10","11","107","54","868","118","1435","149","847","121","941","117","566","118","669","128","414","112","556","107",
"860Z200US48662","ZCTA5 48662","595","79","0","11","35","23","42","19","61","30","31","22","92","52","43","21","110","57","48","22","133","44",
"860Z200US48701","ZCTA5 48701","618","84","0","11","4","5","13","9","22","13","34","17","98","31","77","42","114","41","70","26","186","64",
"860Z200US48703","ZCTA5 48703","2912","123","0","11","37","20","338","83","450","94","484","97","526","75","254","63","484","87","140","54","199","52",
"860Z200US48705","ZCTA5 48705","666","90","0","11","50","24","96","35","72","38","124","42","136","39","67","29","50","26","67","31","4","4",
"860Z200US48706","ZCTA5 48706","18324","445","15","24","494","152","1356","206","1796","370","1117","227","3044","388","2346","308","2903","426","1586","300","3667","467",
"860Z200US48708","ZCTA5 48708","12424","392","0","20","176","69","327","136","372","136","410","126","1124","180","980","170","2047","246","1280","256","5708","380",
"860Z200US48710","ZCTA5 48710","0","11","0","11","0","11","0","11","0","11","0","11","0","11","0","11","0","11","0","11","0","11",
"860Z200US48720","ZCTA5 48720","569","90","0","11","33","22","16","11","82","41","18","11","57","27","24","12","71","28","49","26","219","55",
"860Z200US48721","ZCTA5 48721","421","67","2","3","6","6","64","28","66","32","46","24","93","35","25","20","83","35","9","8","27","21",
"860Z200US48722","ZCTA5 48722","1470","189","0","11","59","52","53","25","143","81","118","56","338","89","266","81","283","130","62","39","148","76",
"860Z200US48723","ZCTA5 48723","5183","267","0","17","100","54","489","148","621","131","569","112","1106","155","533","131","559","117","463","139","743","128",
"860Z200US48724","ZCTA5 48724","286","230","0","11","0","11","0","11","0","11","0","11","0","11","27","46","221","247","0","11","38","47",
"860Z200US48725","ZCTA5 48725","2753","180","0","11","79","43","381","95","286","70","262","75","515","103","339","103","517","111","193","61","181","54",
"860Z200US48726","ZCTA5 48726","2551","143","2","3","62","29","212","55","348","72","306","55","388","80","169","46","267","77","178","79","619","111",
"860Z200US48727","ZCTA5 48727","416","56","0","11","6","9","43","25","63","19","53","18","70","27","36","19","36","18","20","9","89","40",
"860Z200US48728","ZCTA5 48728","640","80","0","11","44","27","75","28","116","43","42","22","89","39","74","32","106","42","66","28","28","18",
"860Z200US48729","ZCTA5 48729","654","83","3","4","30","26","49","28","95","36","75","30","76","25","64","32","26","15","53","47","183","51",
"860Z200US48730","ZCTA5 48730","3551","230","8","13","29","40","455","101","245","75","247","78","646","135","386","104","674","162","451","137","410","107",
"860Z200US48731","ZCTA5 48731","755","62","0","11","3","3","53","23","54","23","91","34","107","35","94","28","96","27","76","30","181","38",
"860Z200US48732","ZCTA5 48732","5444","339","0","17","55","41","256","94","373","130","502","148","1397","348","942","263","946","287","375","180","598","186",
"860Z200US48733","ZCTA5 48733","783","94","0","11","2","3","19","11","26","15","24","14","138","27","98","57","137","37","100","35","239","44",
"860Z200US48734","ZCTA5 48734","3600","277","33","32","165","78","177","66","288","105","541","182","858","180","609","178","279","103","181","87","469","131",
"860Z200US48735","ZCTA5 48735","490","65","0","11","3","5","43","24","63","30","30","13","63","31","56","29","41","21","72","33","119","30",
"860Z200US48737","ZCTA5 48737","1402","134","0","11","27","13","161","48","183","64","180","46","293","79","124","41","242","80","92","35","100","35",
"860Z200US48738","ZCTA5 48738","1403","142","17","21","85","52","85","53","63","32","99","67","307","87","307","75","262","63","109","43","69","28",
"860Z200US48739","ZCTA5 48739","4160","191","0","11","163","67","309","78","565","118","469","109","842","150","594","122","656","160","231","75","331","112",
"860Z200US48740","ZCTA5 48740","1655","114","0","11","21","14","130","43","241","65","212","60","288","57","202","54","206","54","130","41","225","50",
"860Z200US48741","ZCTA5 48741","918","104","3","4","6","6","100","50","96","27","93","39","233","81","95","30","56","31","58","27","178","44",
"860Z200US48742","ZCTA5 48742","1387","127","3","4","30","21","87","24","130","35","254","66","357","74","205","64","179","40","60","24","82","32",
"860Z200US48743","ZCTA5 48743","38","37","0","11","0","11","0","11","0","11","0","11","19","31","0","11","16","19","0","11","3","5",
"860Z200US48744","ZCTA5 48744","2143","195","0","11","3","4","174","70","436","129","166","85","280","80","79","25","243","88","195","117","567","166",
"860Z200US48745","ZCTA5 48745","905","117","0","11","33","38","88","29","174","96","69","24","205","51","116","39","91","30","40","30","89","36",
"860Z200US48746","ZCTA5 48746","3590","254","0","15","68","50","272","90","445","124","443","117","708","112","450","133","383","124","315","152","506","136",
"860Z200US48747","ZCTA5 48747","690","106","0","11","18","17","80","40","40","22","14","12","65","23","50","28","78","32","90","36","255","85",
"860Z200US48748","ZCTA5 48748","1802","140","2","4","54","34","115","46","214","56","178","47","316","76","400","82","253","73","175","67","95","61",
"860Z200US48749","ZCTA5 48749","625","78","0","11","21","20","50","30","85","25","169","53","95","35","55","22","47","23","17","10","86","28",
"860Z200US48750","ZCTA5 48750","6945","331","0","15","108","50","449","167","722","165","705","170","1732","232","1410","229","1160","205","480","137","179","85",
"860Z200US48754","ZCTA5 48754","435","59","0","11","4","5","26","15","50","19","19","11","67","26","42","17","55","30","16","10","156","46",
"860Z200US48755","ZCTA5 48755","2204","165","0","11","21","15","249","70","248","67","244","70","443","102","184","51","394","77","158","58","263","52",
"860Z200US48756","ZCTA5 48756","3073","228","0","11","43","40","395","115","406","103","297","98","797","128","465","135","260","101","245","106","165","51",
"860Z200US48757","ZCTA5 48757","1679","134","2","4","43","38","70","26","174","43","151","62","289","57","208","51","182","54","109","52","451","115",
"860Z200US48759","ZCTA5 48759","1851","132","26","40","3","4","57","31","144","79","158","39","169","52","157","64","234","61","184","59","719","149",
"860Z200US48760","ZCTA5 48760","722","96","0","11","6","6","79","34","70","23","47","27","77","28","129","49","135","45","11","8","168","67",
"860Z200US48761","ZCTA5 48761","1449","144","0","11","17","16","134","68","171","65","162","49","371","100","239","90","228","94","82","58","45","27",
"860Z200US48762","ZCTA5 48762","1000","100","13","21","40","23","124","50","79","29","85","41","205","52","121","46","143","55","77","33","113","42",
"860Z200US48763","ZCTA5 48763","2924","178","4","5","112","38","277","64","401","75","356","62","532","94","371","65","383","77","243","49","245","48",
"860Z200US48765","ZCTA5 48765","453","59","0","11","14","10","51","20","65","24","25","12","122","36","52","26","73","29","23","16","28","21",
"860Z200US48766","ZCTA5 48766","701","97","0","11","19","12","77","27","86","29","66","26","166","62","68","23","83","42","38","20","98","31",
"860Z200US48767","ZCTA5 48767","1005","98","6","6","14","14","43","17","81","45","48","27","142","40","90","33","126","36","111","45","344","62",
"860Z200US48768","ZCTA5 48768","4101","261","0","15","107","64","292","84","455","158","412","141","1121","240","377","103","291","87","309","97","737","150",
"860Z200US48770","ZCTA5 48770","1000","90","0","11","19","16","89","26","144","39","141","46","213","49","96","39","48","20","71","28","179","43",
"860Z200US48801","ZCTA5 48801","5468","208","22","36","97","66","305","97","741","150","413","110","886","236","649","168","777","179","509","119","1069","206",
"860Z200US48806","ZCTA5 48806","744","98","1","3","20","14","46","17","104","45","23","10","78","27","133","44","53","19","91","35","195","51",
"860Z200US48807","ZCTA5 48807","371","79","5","7","10","8","40","16","49","19","18","10","66","26","66","63","43","19","16","9","58","25",
"860Z200US48808","ZCTA5 48808","3105","303","0","15","429","170","760","206","277","107","162","78","477","217","216","79","341","186","183","132","260","90",
"860Z200US48809","ZCTA5 48809","4550","301","11","15","100","47","567","133","528","213","300","105","554","113","395","152","240","84","345","119","1510","182",
"860Z200US48811","ZCTA5 48811","1921","202","0","15","95","43","182","52","177","57","223","88","229","68","126","43","134","57","183","79","572","136",
"860Z200US48813","ZCTA5 48813","8125","272","17","24","222","76","1115","199","1051","179","756","157","1278","199","664","126","482","115","310","98","2230","280",
"860Z200US48815","ZCTA5 48815","906","128","0","11","61","31","137","44","181","65","75","43","113","53","40","22","122","95","22","14","155","46",
"860Z200US48816","ZCTA5 48816","207","208","0","11","0","11","0","11","0","11","0","11","0","11","0","11","0","11","0","11","207","208",
"860Z200US48817","ZCTA5 48817","2564","220","0","15","60","45","62","33","315","120","211","66","587","147","373","170","423","118","111","72","422","107",
"860Z200US48818","ZCTA5 48818","1438","136","0","11","91","48","197","77","215","67","117","56","236","99","140","66","196","91","90","49","156","61",
"860Z200US48819","ZCTA5 48819","908","103","6","10","12","11","203","52","82","37","61","25","220","57","42","32","36","29","13","10","233","60",
"860Z200US48820","ZCTA5 48820","6953","290","109","84","543","122","1141","189","1321","246","870","151","1126","196","780","168","434","178","149","62","480","112",
"860Z200US48821","ZCTA5 48821","2616","180","0","15","131","65","365","114","309","115","535","162","460","117","308","94","142","65","17","15","349","117",
"860Z200US48822","ZCTA5 48822","923","92","0","11","48","31","186","52","130","43","61","27","221","65","78","38","60","39","19","20","120","42",
"860Z200US48823","ZCTA5 48823","23799","662","65","48","2386","320","3312","367","3703","549","2756","306","3760","468","2487","314","2439","405","1191","246","1700","290",
"860Z200US48824","ZCTA5 48824","0","11","0","11","0","11","0","11","0","11","0","11","0","11","0","11","0","11","0","11","0","11",
"860Z200US48825","ZCTA5 48825","0","17","0","17","0","17","0","17","0","17","0","17","0","17","0","17","0","17","0","17","0","17",
"860Z200US48827","ZCTA5 48827","6478","328","0","17","123","59","876","183","998","171","521","160","1045","178","567","141","489","137","233","99","1626","222",
"860Z200US48829","ZCTA5 48829","1388","153","0","11","29","17","116","46","129","41","156","93","155","56","193","50","211","72","117","53","282","97",
"860Z200US48831","ZCTA5 48831","1506","145","0","11","13","8","123","40","147","42","77","29","296","119","139","64","128","38","67","25","516","75",
"860Z200US48832","ZCTA5 48832","529","93","0","11","19","15","32","29","98","39","55","29","63","26","73","44","56","58","54","32","79","31",
"860Z200US48834","ZCTA5 48834","931","111","0","11","16","18","146","49","159","41","156","51","140","43","49","29","25","17","52","47","188","40",
"860Z200US48835","ZCTA5 48835","1064","147","0","11","38","19","51","21","129","43","51","22","151","57","73","26","54","26","34","23","483","133",
"860Z200US48836","ZCTA5 48836","5631","362","25","28","355","110","995","181","1568","277","503","136","806","186","226","88","238","81","225","164","690","159",
"860Z200US48837","ZCTA5 48837","8647","338","16","26","390","181","1022","205","1245","235","1116","219","1628","246","1004","211","641","208","320","136","1265","176",
"860Z200US48838","ZCTA5 48838","7445","453","114","75","432","186","818","204","1220","234","730","157","1136","263","912","232","749","179","489","149","845","192",
"860Z200US48840","ZCTA5 48840","6295","466","25","37","131","72","639","204","1138","252","1227","214","1431","252","689","248","484","122","180","83","351","143",
"860Z200US48841","ZCTA5 48841","349","66","0","11","17","18","3","4","12","11","16","10","48","22","33","17","34","26","36","21","150","47",
"860Z200US48842","ZCTA5 48842","9552","542","36","32","922","244","1894","414","1213","202","979","187","1697","280","1168","336","798","204","422","174","423","147",
"860Z200US48843","ZCTA5 48843","18747","476","121","74","1713","214","4968","321","4132","405","1528","255","2360","267","1211","277","911","230","353","209","1450","289",
"860Z200US48845","ZCTA5 48845","410","72","0","11","12","10","36","21","42","18","43","21","43","23","22","14","35","27","20","15","157","41",
"860Z200US48846","ZCTA5 48846","7483","319","102","84","321","146","894","245","768","212","553","148","855","209","477","143","598","149","494","149","2421","342",
"860Z200US48847","ZCTA5 48847","2443","181","2","4","56","31","88","34","196","78","278","83","214","62","325","90","315","72","128","48","841","151",
"860Z200US48848","ZCTA5 48848","3022","201","0","15","87","49","373","93","501","98","450","125","772","160","182","64","151","47","54","26","452","121",
"860Z200US48849","ZCTA5 48849","2348","172","0","15","93","55","110","39","248","72","109","55","515","125","304","86","264","107","55","31","650","143",
"860Z200US48850","ZCTA5 48850","2026","165","4","6","40","29","302","77","414","74","210","90","292","71","153","52","260","93","62","39","289","76",
"860Z200US48851","ZCTA5 48851","913","162","0","11","17","20","41","31","118","40","85","46","116","67","87","80","175","123","17","17","257","61",
"860Z200US48852","ZCTA5 48852","68","26","0","11","0","11","0","11","1","2","0","11","0","11","16","11","15","12","1","2","35","19",
"860Z200US48853","ZCTA5 48853","300","67","0","11","4","4","14","18","22","15","8","7","18","8","26","20","30","29","8","9","170","51",
"860Z200US48854","ZCTA5 48854","7999","320","5","8","726","186","1457","271","832","172","536","115","1161","200","984","217","529","100","279","102","1490","229",
"860Z200US48855","ZCTA5 48855","6161","345","48","49","559","133","1602","242","1374","250","478","107","980","183","321","98","181","87","112","69","506","130",
"860Z200US48856","ZCTA5 48856","357","76","0","11","2","3","8","7","17","19","14","9","16","14","64","31","20","14","45","36","171","64",
"860Z200US48857","ZCTA5 48857","1332","153","0","11","19","19","281","111","291","121","124","52","64","26","91","48","168","75","30","28","264","76",
"860Z200US48858","ZCTA5 48858","19454","307","55","36","1322","268","3579","393","3810","409","2232","312","2958","314","1811","277","1466","233","486","117","1735","217",
"860Z200US48859","ZCTA5 48859","10","18","0","11","0","11","0","11","0","11","0","11","0","11","0","11","0","11","0","11","10","18",
"860Z200US48860","ZCTA5 48860","557","87","0","11","25","17","61","51","44","23","46","31","115","42","45","25","80","58","20","14","121","38",
"860Z200US48861","ZCTA5 48861","737","139","19","29","14","16","58","28","52","23","37","16","153","61","50","23","51","26","25","20","278","121",
"860Z200US48862","ZCTA5 48862","16","16","0","11","0","11","0","11","0","11","0","11","0","11","2","4","2","4","0","11","12","15",
"860Z200US48864","ZCTA5 48864","9812","542","28","33","1020","260","796","216","1675","286","1940","343","1754","289","1184","284","764","190","142","83","509","175",
"860Z200US48865","ZCTA5 48865","702","98","0","11","9","9","35","19","74","29","145","45","111","45","123","83","61","32","14","15","130","46",
"860Z200US48866","ZCTA5 48866","1844","124","0","11","16","16","180","49","225","55","176","67","357","98","172","44","123","38","131","50","464","68",
"860Z200US48867","ZCTA5 48867","12492","294","6","9","198","114","1118","208","1079","178","849","185","1709","311","1443","288","1712","263","1328","219","3050","290",
"860Z200US48870","ZCTA5 48870","84","63","0","11","0","11","0","11","3","4","0","11","5","6","0","11","6","9","6","10","64","63",
"860Z200US48871","ZCTA5 48871","923","112","0","11","22","14","114","48","162","48","130","52","104","37","126","85","81","45","58","34","126","33",
"860Z200US48872","ZCTA5 48872","2736","255","0","15","89","52","451","117","473","144","404","115","500","129","126","63","122","52","232","114","339","86",
"860Z200US48873","ZCTA5 48873","510","91","8","11","10","10","81","44","42","21","56","31","109","71","39","36","73","50","20","10","72","21",
"860Z200US48874","ZCTA5 48874","87","40","0","11","3","4","0","11","0","11","3","4","7","11","3","6","13","10","0","11","58","41",
"860Z200US48875","ZCTA5 48875","4177","256","18","27","336","117","680","133","520","159","427","142","601","197","213","79","266","101","154","72","962","198",
"860Z200US48876","ZCTA5 48876","1903","116","6","9","224","69","333","89","311","83","97","56","371","112","158","94","99","51","70","48","234","73",
"860Z200US48877","ZCTA5 48877","1043","143","2","3","7","6","150","61","133","51","241","78","109","44","85","36","121","58","63","28","132","44",
"860Z200US48878","ZCTA5 48878","758","116","0","11","17","13","67","37","83","49","81","43","154","64","28","25","127","64","24","17","177","48",
"860Z200US48879","ZCTA5 48879","7426","270","0","17","240","97","836","145","988","155","726","138","1261","153","600","144","565","145","217","74","1993","224",
"860Z200US48880","ZCTA5 48880","2763","181","4","6","77","44","181","60","318","83","395","139","315","104","452","107","272","103","245","90","504","102",
"860Z200US48881","ZCTA5 48881","2225","187","0","15","123","92","251","82","360","124","303","114","375","98","137","57","220","101","144","91","312","65",
"860Z200US48883","ZCTA5 48883","2851","202","0","15","96","28","332","69","457","92","513","129","459","102","178","78","240","60","123","51","453","120",
"860Z200US48884","ZCTA5 48884","1954","174","0","15","43","27","352","105","281","68","235","76","305","86","138","50","219","79","76","36","305","79",
"860Z200US48885","ZCTA5 48885","458","99","0","11","24","31","73","37","73","46","28","19","61","38","28","28","30","24","18","18","123","90",
"860Z200US48886","ZCTA5 48886","954","127","0","11","26","14","92","53","175","59","50","38","136","51","128","54","109","56","84","49","154","59",
"860Z200US48888","ZCTA5 48888","2929","264","24","27","87","39","346","83","440","118","307","79","645","167","275","88","252","68","119","50","434","92",
"860Z200US48889","ZCTA5 48889","715","92","5","7","17","11","78","36","74","27","141","54","101","36","66","32","46","27","39","27","148","49",
"860Z200US48890","ZCTA5 48890","783","77","0","11","31","19","53","29","63","30","134","45","132","48","44","22","58","28","12","9","256","63",
"860Z200US48891","ZCTA5 48891","1268","119","0","11","59","46","196","74","184","61","172","72","202","62","143","60","103","47","56","33","153","55",
"860Z200US48892","ZCTA5 48892","2058","211","0","11","46","37","227","71","331","131","217","76","537","179","151","59","102","48","60","38","387","112",
"860Z200US48893","ZCTA5 48893","2651","207","6","10","70","34","371","84","693","143","271","73","580","118","306","113","183","79","70","39","101","34",
"860Z200US48894","ZCTA5 48894","827","102","1","3","48","31","119","56","83","27","74","26","120","54","83","34","69","40","13","16","217","48",
"860Z200US48895","ZCTA5 48895","4877","284","41","59","109","51","559","193","1087","289","520","128","758","154","396","99","460","168","211","103","736","165",
"860Z200US48896","ZCTA5 48896","71","47","0","11","0","11","0","11","0","11","0","11","9","15","0","11","43","38","5","9","14","21",
"860Z200US48897","ZCTA5 48897","625","116","4","7","14","11","43","33","60","37","34","19","31","17","81","75","32","19","35","21","291","74",
"860Z200US48906","ZCTA5 48906","12084","585","18","21","582","124","886","173","715","149","618","130","1244","220","1474","239","1955","308","1027","251","3565","349",
"860Z200US48910","ZCTA5 48910","17020","476","26","28","207","155","489","153","909","203","1779","420","2068","331","2087","283","3884","437","2293","322","3278","309",
"860Z200US48911","ZCTA5 48911","18010","646","29","28","383","141","1753","411","1593","290","2191","406","4302","593","3800","423","2158","287","739","268","1062","266",
"860Z200US48912","ZCTA5 48912","8806","451","0","17","720","201","291","111","349","135","366","147","1215","257","1031","267","1336","280","628","143","2870","287",
"860Z200US48915","ZCTA5 48915","4758","433","0","17","14","23","51","42","84","71","46","31","389","236","361","132","715","170","519","190","2579","409",
"860Z200US48917","ZCTA5 48917","16086","458","39","40","558","131","984","218","2396","355","2437","311","3775","434","2950","369","1616","255","520","251","811","186",
"860Z200US48933","ZCTA5 48933","1946","293","0","11","38","27","32","38","41","41","154","75","148","75","283","109","281","168","40","37","929","237",
"860Z200US49001","ZCTA5 49001","9488","657","9","18","82","66","200","103","235","109","522","199","862","212","742","201","1759","503","1323","317","3754","443",
"860Z200US49002","ZCTA5 49002","8900","441","29","43","713","321","1243","231","818","202","733","203","1364","278","1623","329","1465","275","429","228","483","119",
"860Z200US49004","ZCTA5 49004","7772","497","0","17","565","218","850","195","1103","353","500","163","712","180","962","198","1504","234","693","319","883","278",
"860Z200US49006","ZCTA5 49006","11926","566","38","62","845","338","898","234","1454","370","1518","370","2209","430","1715","316","1377","259","796","255","1076","275",
"860Z200US49007","ZCTA5 49007","5291","548","0","17","209","131","151","109","185","114","426","154","363","115","450","178","276","105","268","203","2963","463",
"860Z200US49008","ZCTA5 49008","6930","416","9","14","104","62","135","65","222","91","690","136","1246","238","1063","215","1186","176","658","165","1617","216",
"860Z200US49009","ZCTA5 49009","20467","661","126","65","2082","464","4560","607","3700","463","2833","416","3682","459","1666","359","835","175","324","157","659","201",
"860Z200US49010","ZCTA5 49010","7506","310","29","30","394","118","962","189","1039","167","648","174","999","246","455","134","693","186","373","87","1914","308",
"860Z200US49011","ZCTA5 49011","1062","156","0","11","59","32","84","47","99","37","69","21","195","102","106","67","69","33","58","35","323","70",
"860Z200US49012","ZCTA5 49012","1454","210","0","11","55","52","64","36","185","67","164","91","270","97","70","39","186","68","151","92","309","93",
"860Z200US49013","ZCTA5 49013","2194","174","0","15","42","25","250","87","264","74","273","90","303","79","169","53","245","78","199","66","449","91",
"860Z200US49014","ZCTA5 49014","9266","410","0","20","124","53","608","175","1225","253","617","185","1285","286","877","212","1300","274","903","234","2327","258",
"860Z200US49015","ZCTA5 49015","12589","399","0","20","344","155","1184","271","1379","277","878","248","1305","271","1540","257","2596","327","1266","260","2097","324",
"860Z200US49017","ZCTA5 49017","9567","480","15","18","113","70","535","151","974","219","582","197","1665","301","948","202","1565","261","650","174","2520","295",
"860Z200US49021","ZCTA5 49021","2507","179","0","15","30","21","237","69","326","79","303","72","324","74","145","45","261","75","228","90","653","118",
"860Z200US49022","ZCTA5 49022","14324","463","45","61","598","175","1177","249","939","177","555","130","1784","292","2438","347","3031","407","1340","298","2417","325",
"860Z200US49024","ZCTA5 49024","13328","438","24","38","656","184","1660","281","2095","333","2177","346","2593","379","2341","304","1417","266","90","51","275","117",
"860Z200US49026","ZCTA5 49026","1071","180","0","11","41","35","128","79","149","76","133","72","123","50","32","23","51","27","69","39","345","118",
"860Z200US49027","ZCTA5 49027","81","41","0","11","0","11","8","9","10","12","0","11","3","4","8","11","26","38","4","5","22","15",
"860Z200US49028","ZCTA5 49028","2828","175","0","15","87","35","230","49","171","51","232","71","331","74","392","89","398","79","362","101","625","80",
"860Z200US49029","ZCTA5 49029","677","81","8","8","4","5","118","47","45","23","109","46","134","44","40","22","55","28","7","6","157","46",
"860Z200US49030","ZCTA5 49030","909","96","0","11","38","29","73","37","116","38","23","14","143","70","59","29","113","45","73","37","271","55",
"860Z200US49031","ZCTA5 49031","4268","288","0","15","193","72","703","183","652","137","313","77","658","142","255","71","417","129","269","88","808","188",
"860Z200US49032","ZCTA5 49032","1135","158","0","11","32","22","140","81","237","105","68","30","132","46","49","25","123","52","57","35","297","67",
"860Z200US49033","ZCTA5 49033","777","113","0","11","42","37","56","32","103","53","49","34","129","92","54","36","119","65","23","21","202","64",
"860Z200US49034","ZCTA5 49034","855","113","0","11","12","11","70","30","188","86","101","39","158","55","75","27","35","15","26","16","190","51",
"860Z200US49036","ZCTA5 49036","11592","253","23","26","414","107","1183","172","1516","214","1178","197","1865","220","1480","231","981","172","564","134","2388","265",
"860Z200US49037","ZCTA5 49037","10115","409","0","20","320","133","553","144","592","152","588","195","1709","246","872","163","2315","340","770","192","2396","302",
"860Z200US49038","ZCTA5 49038","5133","344","0","15","142","93","430","174","572","176","653","190","737","191","488","164","941","224","430","140","740","200",
"860Z200US49040","ZCTA5 49040","1985","192","9","13","24","29","163","80","211","90","88","40","357","107","134","64","267","115","158","61","574","132",
"860Z200US49042","ZCTA5 49042","2048","160","0","11","135","68","112","61","243","77","209","68","317","81","195","69","206","71","85","34","546","124",
"860Z200US49043","ZCTA5 49043","1377","138","8","11","70","57","118","60","184","107","117","62","201","96","176","70","82","59","82","49","339","116",
"860Z200US49045","ZCTA5 49045","2861","250","8","13","34","20","281","114","383","93","227","89","360","95","253","81","251","93","163","77","901","198",
"860Z200US49046","ZCTA5 49046","3746","357","15","27","188","103","550","207","641","151","196","84","443","193","381","157","531","175","216","109","585","172",
"860Z200US49047","ZCTA5 49047","8028","335","11","17","326","122","775","203","571","158","601","151","1037","188","888","172","972","219","842","243","2005","273",
"860Z200US49048","ZCTA5 49048","10187","524","8","11","284","115","952","228","1417","305","776","265","1050","241","1015","256","1948","373","1038","248","1699","286",
"860Z200US49050","ZCTA5 49050","617","101","0","11","25","22","96","48","87","37","27","26","78","37","60","33","98","47","39","28","107","53",
"860Z200US49051","ZCTA5 49051","1060","163","13","19","23","26","137","83","203","107","58","39","114","71","158","73","107","68","33","29","214","114",
"860Z200US49052","ZCTA5 49052","372","74","0","11","14","11","72","49","45","25","27","23","39","29","10","10","22","16","3","5","140","43",
"860Z200US49053","ZCTA5 49053","2904","222","20","27","71","40","594","167","409","132","306","98","440","147","236","97","297","97","152","57","379","101",
"860Z200US49055","ZCTA5 49055","3239","226","5","8","100","50","417","100","766","165","420","151","375","111","237","92","265","94","93","61","561","174",
"860Z200US49056","ZCTA5 49056","1898","221","0","11","111","61","198","72","340","90","139","58","352","123","238","81","114","53","138","65","268","154",
"860Z200US49057","ZCTA5 49057","2446","231","0","15","30","27","174","81","462","140","236","107","373","113","272","80","296","97","130","65","473","130",
"860Z200US49058","ZCTA5 49058","8167","297","46","39","210","104","844","189","1126","232","834","186","865","192","1183","250","921","235","481","140","1657","299",
"860Z200US49060","ZCTA5 49060","1158","267","0","11","41","47","348","275","153","71","118","94","123","97","60","48","32","35","33","31","250","88",
"860Z200US49061","ZCTA5 49061","776","107","27","39","47","37","80","54","99","56","39","24","131","51","72","40","80","41","24","19","177","72",
"860Z200US49063","ZCTA5 49063","42","49","0","11","0","11","0","11","0","11","0","11","0","11","42","49","0","11","0","11","0","11",
"860Z200US49064","ZCTA5 49064","1700","185","0","11","39","26","196","71","268","91","155","65","225","78","154","51","176","82","149","96","338","100",
"860Z200US49065","ZCTA5 49065","3519","229","0","15","64","49","412","123","705","153","453","131","408","116","186","69","491","126","153","62","647","141",
"860Z200US49066","ZCTA5 49066","259","53","0","11","8","8","6","9","27","28","11","10","25","16","14","9","24","16","23","13","121","42",
"860Z200US49067","ZCTA5 49067","1993","132","7","8","82","43","178","50","298","74","212","59","283","73","94","34","142","53","158","53","539","93",
"860Z200US49068","ZCTA5 49068","6889","305","26","23","175","75","561","125","743","173","595","142","711","162","746","138","945","170","408","107","1979","233",
"860Z200US49070","ZCTA5 49070","890","98","0","11","37","24","141","62","87","36","75","34","163","61","90","43","33","17","23","15","241","56",
"860Z200US49071","ZCTA5 49071","4355","299","61","36","329","120","1012","214","822","221","857","233","743","202","199","122","211","76","32","33","89","47",
"860Z200US49072","ZCTA5 49072","1302","143","0","11","15","16","57","32","217","93","73","37","240","88","87","38","167","73","20","15","426","87",
"860Z200US49073","ZCTA5 49073","2120","202","0","15","30","14","137","50","382","121","293","144","230","91","199","75","39","26","72","41","738","152",
"860Z200US49074","ZCTA5 49074","57","57","0","11","0","11","36","55","0","11","0","11","11","16","10","17","0","11","0","11","0","11",
"860Z200US49075","ZCTA5 49075","64","33","0","11","0","11","11","19","0","11","5","8","9","13","3","4","0","11","5","8","31","26",
"860Z200US49076","ZCTA5 49076","1515","145","0","11","67","46","155","47","177","54","160","60","318","70","165","59","56","30","70","30","347","76",
"860Z200US49078","ZCTA5 49078","4321","266","6","10","131","78","414","126","713","176","463","154","573","182","345","125","378","129","363","134","935","219",
"860Z200US49079","ZCTA5 49079","5973","300","33","28","284","113","763","158","1125","199","727","219","905","212","710","224","532","176","129","59","765","186",
"860Z200US49080","ZCTA5 49080","6682","359","0","17","213","88","924","243","1055","205","859","193","1122","234","666","177","584","169","275","118","984","193",
"860Z200US49082","ZCTA5 49082","3105","193","8","10","153","59","263","71","499","142","152","55","340","88","363","95","347","109","213","74","767","99",
"860Z200US49083","ZCTA5 49083","3208","304","16","26","384","154","584","203","420","131","389","147","411","161","398","168","213","83","147","110","246","102",
"860Z200US49084","ZCTA5 49084","27","24","0","11","0","11","0","11","0","11","0","11","7","10","1","3","9","15","0","11","10","17",
"860Z200US49085","ZCTA5 49085","11411","424","36","30","351","119","956","148","1261","185","802","153","1595","241","2027","305","1852","265","646","185","1885","317",
"860Z200US49087","ZCTA5 49087","2454","222","6","9","116","48","423","146","466","94","380","129","428","132","131","44","141","49","42","32","321","89",
"860Z200US49088","ZCTA5 49088","1446","208","0","11","12","12","308","139","165","81","146","70","202","104","71","50","241","104","49","52","252","87",
"860Z200US49089","ZCTA5 49089","809","107","0","11","0","11","30","23","107","46","55","28","197","68","42","18","61","36","55","36","262","73",
"860Z200US49090","ZCTA5 49090","8649","361","0","17","412","162","1055","209","1116","231","975","221","1089","273","713","176","1122","272","649","162","1518","232",
"860Z200US49091","ZCTA5 49091","8928","313","59","89","225","88","446","116","955","175","993","191","1555","232","750","189","1335","219","561","160","2049","262",
"860Z200US49092","ZCTA5 49092","812","89","0","11","28","18","37","20","95","41","35","17","122","41","88","35","68","33","67","32","272","47",
"860Z200US49093","ZCTA5 49093","8452","340","10","9","263","78","874","174","967","171","899","188","1382","243","829","178","814","163","441","105","1973","238",
"860Z200US49094","ZCTA5 49094","1698","137","0","11","36","25","38","20","189","54","140","54","315","77","197","72","131","53","103","40","549","85",
"860Z200US49095","ZCTA5 49095","1408","180","0","11","75","50","213","101","151","72","80","40","145","77","78","32","177","67","182","87","307","86",
"860Z200US49096","ZCTA5 49096","1246","108","3","4","59","55","126","41","242","56","110","29","192","43","48","19","38","19","98","61","330","52",
"860Z200US49097","ZCTA5 49097","4965","282","9","14","527","161","606","189","520","124","380","151","885","191","548","221","544","154","221","87","725","165",
"860Z200US49098","ZCTA5 49098","2920","253","15","23","113","72","283","102","401","153","288","136","297","110","211","99","451","175","244","113","617","179",
"860Z200US49099","ZCTA5 49099","2644","249","12","19","101","60","285","137","340","82","286","89","461","146","210","68","243","80","92","47","614","145",
"860Z200US49101","ZCTA5 49101","1373","88","0","11","76","37","214","64","245","110","140","43","171","61","157","57","109","42","33","22","228","59",
"860Z200US49102","ZCTA5 49102","745","185","0","11","0","11","128","70","39","31","84","64","150","122","12","17","129","149","54","32","149","77",
"860Z200US49103","ZCTA5 49103","4827","260","0","17","58","45","262","87","586","187","320","108","1518","286","555","126","540","147","316","95","672","135",
"860Z200US49104","ZCTA5 49104","0","11","0","11","0","11","0","11","0","11","0","11","0","11","0","11","0","11","0","11","0","11",
"860Z200US49106","ZCTA5 49106","2481","235","6","12","93","63","225","96","422","150","321","96","254","108","518","165","299","124","69","40","274","114",
"860Z200US49107","ZCTA5 49107","5150","314","0","17","80","61","524","150","474","122","465","148","725","240","857","254","717","183","321","128","987","188",
"860Z200US49111","ZCTA5 49111","1680","202","0","11","21","20","181","58","179","70","192","72","206","87","261","84","159","61","151","85","330","117",
"860Z200US49112","ZCTA5 49112","4621","227","27","35","309","98","620","169","664","160","376","131","719","143","660","165","491","129","283","111","472","101",
"860Z200US49113","ZCTA5 49113","836","87","0","11","5","5","68","41","98","26","49","37","115","36","165","60","121","29","63","26","152","40",
"860Z200US49115","ZCTA5 49115","383","138","0","11","0","11","22","36","0","11","82","77","44","52","49","52","0","11","23","37","163","92",
"860Z200US49116","ZCTA5 49116","391","122","0","11","45","45","7","12","0","11","72","68","9","17","94","72","36","40","49","39","79","56",
"860Z200US49117","ZCTA5 49117","3657","228","1","2","165","53","529","109","607","105","546","195","269","72","491","132","392","101","114","41","543","103",
"860Z200US49119","ZCTA5 49119","62","27","0","11","0","11","0","11","8","8","0","11","10","10","0","11","11","13","0","11","33","22",
"860Z200US49120","ZCTA5 49120","15784","600","28","26","290","82","1893","312","1244","212","1098","254","2099","289","1732","269","3068","326","1613","273","2719","445",
"860Z200US49125","ZCTA5 49125","1645","174","0","11","5","7","171","64","311","117","194","138","185","96","261","93","252","116","121","67","145","75",
"860Z200US49126","ZCTA5 49126","519","80","0","11","12","13","32","30","61","38","49","30","103","62","54","35","51","35","27","18","130","42",
"860Z200US49127","ZCTA5 49127","5093","323","0","17","200","100","676","149","660","125","575","174","1073","203","934","203","341","107","177","71","457","136",
"860Z200US49128","ZCTA5 49128","1956","182","17","23","82","52","121","67","118","48","172","73","329","125","163","51","345","93","203","83","406","77",
"860Z200US49129","ZCTA5 49129","1251","184","15","24","60","50","202","94","70","41","145","79","94","70","119","99","203","79","83","56","260","101",
"860Z200US49130","ZCTA5 49130","707","127","6","10","49","34","53","42","111","61","27","19","142","66","157","69","100","61","8","13","54","37",
"860Z200US49201","ZCTA5 49201","18160","680","76","85","925","210","2026","304","2463","414","1868","379","2669","388","2798","459","1459","286","849","194","3027","363",
"860Z200US49202","ZCTA5 49202","9589","543","0","17","50","56","485","211","611","202","462","177","1033","245","1199","240","1853","386","931","198","2965","333",
"860Z200US49203","ZCTA5 49203","16854","635","30","48","193","82","1322","262","790","181","909","242","1568","326","2048","351","3055","363","1743","274","5196","433",
"860Z200US49220","ZCTA5 49220","1424","181","0","11","91","65","267","150","233","102","180","97","200","82","82","34","121","76","35","37","215","67",
"860Z200US49221","ZCTA5 49221","16855","436","7","12","346","149","2012","296","2896","345","1247","257","2200","342","1668","352","2014","311","1081","220","3384","383",
"860Z200US49224","ZCTA5 49224","5215","291","11","20","31","23","236","81","294","56","267","100","600","119","539","118","925","149","335","74","1977","188",
"860Z200US49227","ZCTA5 49227","532","57","0","11","15","11","78","25","64","28","113","44","46","18","20","19","27","16","20","14","149","36",
"860Z200US49228","ZCTA5 49228","2127","140","2","4","17","19","61","35","163","72","87","40","144","52","137","67","273","109","168","105","1075","134",
"860Z200US49229","ZCTA5 49229","1450","158","7","7","33","18","172","59","257","99","38","18","190","83","73","36","148","64","100","44","432","100",
"860Z200US49230","ZCTA5 49230","6110","364","22","28","104","53","619","156","1035","192","750","200","1087","206","636","163","762","225","231","104","864","250",
"860Z200US49232","ZCTA5 49232","1244","113","6","5","49","25","102","30","305","64","90","39","142","41","67","29","33","23","69","34","381","81",
"860Z200US49233","ZCTA5 49233","1355","159","0","11","26","22","219","101","222","78","166","73","137","61","147","84","120","67","90","61","228","110",
"860Z200US49234","ZCTA5 49234","1285","195","0","11","40","39","95","56","129","80","83","51","127","57","118","53","179","130","146","63","368","133",
"860Z200US49235","ZCTA5 49235","901","131","5","6","3","4","88","39","108","36","55","32","113","40","30","20","56","20","49","24","394","111",
"860Z200US49236","ZCTA5 49236","2017","146","3","4","41","33","194","62","251","75","161","64","328","76","160","58","133","52","49","27","697","114",
"860Z200US49237","ZCTA5 49237","1214","119","0","11","19","19","99","40","202","54","81","34","155","44","108","45","99","43","87","48","364","83",
"860Z200US49238","ZCTA5 49238","832","105","0","11","1","3","61","48","93","48","28","13","73","27","44","34","86","21","119","73","327","80",
"860Z200US49240","ZCTA5 49240","3866","303","0","15","180","90","764","168","724","173","283","111","457","131","249","116","370","128","284","145","555","144",
"860Z200US49241","ZCTA5 49241","839","176","2","4","11","11","53","29","98","46","93","48","124","51","43","29","20","16","40","31","355","130",
"860Z200US49242","ZCTA5 49242","6493","257","53","69","132","51","384","94","681","172","540","138","1018","149","846","151","655","148","341","102","1843","174",
"860Z200US49245","ZCTA5 49245","1846","168","0","11","56","31","177","67","175","51","175","66","277","61","131","48","152","47","63","24","640","105",
"860Z200US49246","ZCTA5 49246","1523","189","0","11","13","14","145","79","260","149","155","91","371","127","211","106","110","85","43","33","215","109",
"860Z200US49247","ZCTA5 49247","2495","184","3","4","63","34","197","82","192","49","163","58","279","72","231","66","253","71","169","63","945","136",
"860Z200US49248","ZCTA5 49248","383","68","0","11","0","11","33","18","29","22","3","4","21","15","11","9","29","17","67","49","190","43",
"860Z200US49249","ZCTA5 49249","1836","187","0","11","95","62","313","92","264","94","214","100","392","122","162","81","22","26","85","73","289","131",
"860Z200US49250","ZCTA5 49250","2581","143","28","29","72","36","294","51","388","78","207","50","361","90","168","44","257","93","97","45","709","113",
"860Z200US49251","ZCTA5 49251","2536","189","5","7","113","63","184","60","510","140","174","56","448","79","282","85","193","53","94","31","533","98",
"860Z200US49252","ZCTA5 49252","1129","85","0","11","24","21","102","41","172","59","145","44","112","33","105","39","82","26","61","27","326","60",
"860Z200US49253","ZCTA5 49253","2148","203","38","41","68","42","179","92","333","116","78","56","328","132","286","82","410","135","106","77","322","120",
"860Z200US49254","ZCTA5 49254","1852","326","0","11","7","14","129","86","167","110","48","62","134","92","194","101","377","123","261","164","535","235",
"860Z200US49255","ZCTA5 49255","859","91","0","11","58","37","78","33","134","43","106","51","62","29","41","22","44","19","31","16","305","57",
"860Z200US49256","ZCTA5 49256","1654","154","0","11","18","16","50","20","110","51","56","23","246","58","220","111","143","50","118","53","693","107",
"860Z200US49258","ZCTA5 49258","12","11","0","11","0","11","0","11","0","11","0","11","0","11","0","11","3","4","0","11","9","10",
"860Z200US49259","ZCTA5 49259","1242","231","0","11","64","58","97","53","249","148","292","130","141","81","99","59","155","99","35","33","110","61",
"860Z200US49261","ZCTA5 49261","153","62","0","11","0","11","12","19","0","11","26","44","0","11","35","56","64","51","0","11","16","20",
"860Z200US49262","ZCTA5 49262","542","61","0","11","0","11","51","31","37","16","49","24","71","30","38","23","51","27","42","31","203","40",
"860Z200US49263","ZCTA5 49263","0","11","0","11","0","11","0","11","0","11","0","11","0","11","0","11","0","11","0","11","0","11",
"860Z200US49264","ZCTA5 49264","622","96","0","11","0","11","154","80","161","53","46","21","82","45","43","30","27","18","39","23","70","36",
"860Z200US49265","ZCTA5 49265","2381","220","0","15","62","41","481","119","540","123","258","113","329","122","171","71","200","77","88","63","252","76",
"860Z200US49266","ZCTA5 49266","1685","179","0","11","49","36","175","90","297","123","121","67","184","85","256","105","189","97","67","42","347","93",
"860Z200US49267","ZCTA5 49267","1602","130","19","20","88","56","107","52","126","81","56","49","261","98","282","126","249","76","91","52","323","87",
"860Z200US49268","ZCTA5 49268","516","75","0","11","0","11","15","13","20","20","9","9","43","32","58","31","94","48","93","61","184","44",
"860Z200US49269","ZCTA5 49269","2149","271","4","6","62","44","280","107","315","95","293","145","513","185","147","60","101","48","58","43","376","121",
"860Z200US49270","ZCTA5 49270","2244","273","0","15","70","51","179","81","303","108","162","64","507","116","132","75","378","108","232","172","281","81",
"860Z200US49271","ZCTA5 49271","914","128","0","11","39","32","81","30","152","102","94","37","73","32","62","41","41","26","59","29","313","71",
"860Z200US49272","ZCTA5 49272","1152","160","0","11","40","44","177","77","269","120","73","55","160","67","61","56","111","59","111","69","150","81",
"860Z200US49274","ZCTA5 49274","1924","136","10","12","54","52","259","69","231","66","148","59","283","64","182","52","111","45","145","49","501","76",
"860Z200US49276","ZCTA5 49276","398","88","0","11","0","11","35","31","38","42","14","18","74","40","17","17","26","20","31","22","163","43",
"860Z200US49277","ZCTA5 49277","1242","193","0","11","10","16","208","107","227","81","213","116","190","70","87","48","43","28","68","39","196","75",
"860Z200US49279","ZCTA5 49279","440","87","0","11","0","11","37","25","42","19","27","21","35","17","48","49","56","32","15","18","180","52",
"860Z200US49282","ZCTA5 49282","59","32","0","11","0","11","5","8","21","25","5","10","28","28","0","11","0","11","0","11","0","11",
"860Z200US49283","ZCTA5 49283","1296","226","0","11","7","11","245","118","208","93","186","112","258","115","110","55","73","61","71","68","138","117",
"860Z200US49284","ZCTA5 49284","1278","154","4","6","17","17","112","44","147","52","81","26","129","38","149","63","107","44","80","39","452","97",
"860Z200US49285","ZCTA5 49285","2754","287","8","13","58","31","617","257","429","140","331","109","319","96","212","84","168","91","131","80","481","110",
"860Z200US49286","ZCTA5 49286","6151","337","18","16","180","68","710","160","1088","231","560","200","1349","227","482","105","616","146","331","167","817","174",
"860Z200US49287","ZCTA5 49287","1091","152","0","11","37","37","77","53","139","60","68","51","121","74","151","124","90","79","61","55","347","170",
"860Z200US49288","ZCTA5 49288","627","101","0","11","0","11","35","17","54","28","7","10","56","24","14","9","78","70","28","15","355","65",
"860Z200US49289","ZCTA5 49289","45","22","0","11","0","11","0","11","9","15","0","11","0","11","0","11","0","11","5","6","31","16",
"860Z200US49301","ZCTA5 49301","7215","328","73","65","986","322","1961","311","1279","207","979","200","939","209","482","139","227","128","134","151","155","78",
"860Z200US49302","ZCTA5 49302","3141","279","27","41","283","90","531","116","727","277","424","164","389","120","242","117","117","66","17","21","384","110",
"860Z200US49303","ZCTA5 49303","329","58","0","11","18","26","27","18","89","37","34","25","45","22","31","17","22","16","5","7","58","39",
"860Z200US49304","ZCTA5 49304","5780","172","14","18","169","45","450","100","876","127","678","104","1396","150","892","122","709","96","299","69","297","60",
"860Z200US49305","ZCTA5 49305","1646","160","0","11","70","35","127","44","312","74","202","64","299","87","187","74","153","44","129","43","167","44",
"860Z200US49306","ZCTA5 49306","4145","310","53","38","540","133","851","198","783","147","709","205","355","108","237","101","152","64","80","48","385","133",
"860Z200US49307","ZCTA5 49307","7912","281","12","19","543","163","821","178","1228","204","942","190","1344","197","835","166","715","139","300","105","1172","200",
"860Z200US49309","ZCTA5 49309","2040","118","7","7","88","31","183","42","391","71","236","56","315","63","307","64","284","69","101","45","128","36",
"860Z200US49310","ZCTA5 49310","1171","117","16","19","40","25","162","51","177","44","171","57","150","36","68","32","51","20","49","23","287","61",
"860Z200US49312","ZCTA5 49312","218","42","0","11","9","11","23","16","25","14","52","26","40","17","30","17","20","17","2","3","17","14",
"860Z200US49315","ZCTA5 49315","9330","538","104","70","1879","302","2483","450","1725","260","895","232","792","281","580","273","154","101","170","127","548","187",
"860Z200US49316","ZCTA5 49316","9423","674","66","51","1771","304","2375","345","1989","421","764","191","672","155","393","201","425","104","172","142","796","355",
"860Z200US49318","ZCTA5 49318","502","85","0","11","5","8","61","25","51","24","25","28","91","44","53","27","41","26","49","31","126","50",
"860Z200US49319","ZCTA5 49319","7438","571","8","13","551","165","1594","303","2040","395","572","187","858","249","366","149","355","175","345","223","749","260",
"860Z200US49320","ZCTA5 49320","305","51","0","11","10","16","55","35","52","33","34","27","106","44","36","25","8","9","0","11","4","5",
"860Z200US49321","ZCTA5 49321","6880","315","19","29","112","49","809","189","2046","308","992","292","981","248","801","174","556","113","125","65","439","170",
"860Z200US49322","ZCTA5 49322","672","133","0","11","14","15","52","31","61","25","62","49","42","28","45","30","107","48","9","9","280","115",
"860Z200US49323","ZCTA5 49323","3847","278","0","17","251","103","657","186","674","180","693","229","529","152","294","155","152","86","21","28","576","211",
"860Z200US49325","ZCTA5 49325","783","97","0","11","26","16","169","114","95","43","34","24","85","34","28","19","16","15","35","24","295","81",
"860Z200US49326","ZCTA5 49326","1765","237","0","11","81","60","280","113","359","113","190","88","291","129","134","65","143","65","141","115","146","75",
"860Z200US49327","ZCTA5 49327","3428","225","0","15","118","46","567","132","767","136","396","90","417","95","339","129","228","64","180","73","416","92",
"860Z200US49328","ZCTA5 49328","1662","238","4","6","64","30","191","56","295","114","240","157","268","137","114","61","88","50","48","29","350","85",
"860Z200US49329","ZCTA5 49329","3754","290","11","13","178","76","724","146","1241","302","386","99","539","180","134","49","148","73","48","34","345","144",
"860Z200US49330","ZCTA5 49330","2057","195","3","5","111","61","280","163","443","163","213","89","279","96","124","62","213","113","55","51","336","113",
"860Z200US49331","ZCTA5 49331","6961","349","103","57","872","187","978","194","1045","215","743","202","1374","314","702","188","379","177","225","107","540","145",
"860Z200US49332","ZCTA5 49332","2497","236","0","11","130","62","187","73","484","113","477","132","326","78","266","111","247","96","234","120","146","58",
"860Z200US49333","ZCTA5 49333","5295","429","99","77","700","172","839","204","1117","241","546","148","721","164","315","118","310","140","131","71","517","156",
"860Z200US49335","ZCTA5 49335","27","31","0","11","0","11","0","11","0","11","0","11","0","11","0","11","0","11","0","11","27","31",
"860Z200US49336","ZCTA5 49336","1694","144","0","11","105","72","188","56","351","76","225","64","254","80","179","52","74","33","31","18","287","68",
"860Z200US49337","ZCTA5 49337","6530","264","30","28","240","90","639","149","1366","200","877","164","1126","166","673","158","666","132","302","108","611","126",
"860Z200US49338","ZCTA5 49338","851","127","0","11","7","8","131","75","271","83","87","35","134","58","98","49","28","15","37","34","58","23",
"860Z200US49339","ZCTA5 49339","1016","198","0","11","132","67","192","139","226","114","158","87","24","22","68","61","20","15","39","28","157","73",
"860Z200US49340","ZCTA5 49340","1189","132","0","11","130","89","126","38","192","45","184","49","186","58","71","29","55","24","59","29","186","41",
"860Z200US49341","ZCTA5 49341","14911","567","147","74","1902","301","3092","412","2930","433","1569","354","2334","445","1193","247","716","250","284","113","744","204",
"860Z200US49342","ZCTA5 49342","899","112","4","5","31","23","100","39","204","68","116","39","160","63","65","28","133","64","2","4","84","33",
"860Z200US49343","ZCTA5 49343","2581","286","32","32","110","95","397","131","460","144","529","189","204","99","244","121","187","122","153","100","265","105",
"860Z200US49344","ZCTA5 49344","1885","271","68","69","178","79","138","65","99","52","254","90","362","221","141","83","188","89","70","74","387","148",
"860Z200US49345","ZCTA5 49345","5021","373","20","30","364","127","765","195","1012","281","503","130","528","126","419","123","258","95","387","134","765","182",
"860Z200US49346","ZCTA5 49346","3164","201","0","11","98","49","754","187","704","142","641","153","515","123","145","80","80","41","102","62","125","44",
"860Z200US49347","ZCTA5 49347","704","123","0","11","49","35","84","35","88","38","97","66","86","42","63","27","56","33","15","9","166","64",
"860Z200US49348","ZCTA5 49348","5549","319","46","39","795","218","922","227","1226","240","560","186","648","189","246","128","296","120","161","108","649","218",
"860Z200US49349","ZCTA5 49349","4179","225","7","7","151","45","367","97","835","122","527","93","864","123","470","105","426","75","222","70","310","70",
"860Z200US49401","ZCTA5 49401","8820","432","41","27","2618","451","2131","443","1537","368","831","252","450","211","436","173","155","81","237","131","384","173",
"860Z200US49402","ZCTA5 49402","1530","103","3","4","55","26","222","48","221","51","222","56","378","67","153","48","107","38","42","23","127","39",
"860Z200US49403","ZCTA5 49403","1031","126","3","4","24","16","114","66","107","65","75","40","117","32","173","52","51","26","36","24","331","65",
"860Z200US49404","ZCTA5 49404","3290","204","23","36","251","82","578","126","552","122","387","119","428","120","169","74","266","114","106","40","530","110",
"860Z200US49405","ZCTA5 49405","908","84","0","11","25","16","194","48","124","32","83","35","114","35","76","46","48","22","59","26","185","47",
"860Z200US49406","ZCTA5 49406","876","159","3","4","116","58","122","48","129","50","90","82","46","33","39","31","25","25","41","27","265","83",
"860Z200US49408","ZCTA5 49408","4955","253","29","31","455","133","720","130","1117","196","446","80","492","92","452","113","312","83","197","65","735","115",
"860Z200US49409","ZCTA5 49409","52","44","0","11","0","11","0","11","0","11","0","11","6","10","10","18","23","34","0","11","13","20",
"860Z200US49410","ZCTA5 49410","1388","109","0","11","64","37","91","33","195","45","153","46","259","57","176","54","231","57","50","25","169","43",
"860Z200US49411","ZCTA5 49411","1154","130","10","12","64","31","130","52","177","47","146","46","189","60","89","36","137","98","45","26","167","34",
"860Z200US49412","ZCTA5 49412","5188","326","3","5","141","79","410","96","518","155","792","244","877","175","507","141","598","166","521","158","821","173",
"860Z200US49415","ZCTA5 49415","2570","219","48","52","104","63","410","102","379","124","185","104","465","144","371","100","234","74","137","75","237","88",
"860Z200US49417","ZCTA5 49417","14614","477","61","56","1691","300","1749","283","2397","357","1563","267","1892","369","1381","371","1218","244","766","265","1896","388",
"860Z200US49418","ZCTA5 49418","12546","595","57","69","1511","316","1697","388","2614","433","1708","281","1528","356","1196","309","1170","270","408","217","657","178",
"860Z200US49419","ZCTA5 49419","2945","335","0","15","231","60","544","141","545","104","259","76","443","252","207","67","154","51","101","48","461","148",
"860Z200US49420","ZCTA5 49420","2901","150","4","6","209","57","269","62","301","53","212","62","387","73","204","47","282","80","222","66","811","89",
"860Z200US49421","ZCTA5 49421","2924","180","12","15","112","49","405","93","465","83","368","64","439","84","331","67","214","57","210","85","368","82",
"860Z200US49423","ZCTA5 49423","18944","671","218","154","753","146","1638","290","2586","319","2327","331","2119","301","1690","331","2247","290","1611","327","3755","427",
"860Z200US49424","ZCTA5 49424","19325","565","65","42","1253","263","3173","408","5066","505","3008","506","2780","415","1567","333","1118","263","576","372","719","230",
"860Z200US49425","ZCTA5 49425","1390","161","7","10","26","17","88","44","243","64","191","69","262","99","159","50","146","50","64","48","204","85",
"860Z200US49426","ZCTA5 49426","13875","467","116","72","2508","287","3139","293","2996","346","1513","223","1323","190","691","256","506","125","230","101","853","205",
"860Z200US49428","ZCTA5 49428","10348","468","26","25","508","165","929","184","1054","208","1443","198","3097","514","2244","359","734","173","121","70","192","80",
"860Z200US49430","ZCTA5 49430","32","27","0","11","18","30","0","11","14","21","0","11","0","11","0","11","0","11","0","11","0","11",
"860Z200US49431","ZCTA5 49431","9879","218","51","40","576","152","1178","188","1298","197","1064","225","1266","189","696","149","1091","223","489","168","2170","267",
"860Z200US49434","ZCTA5 49434","129","71","0","11","0","11","14","22","16","25","31","50","15","23","16","24","9","14","0","11","28","31",
"860Z200US49435","ZCTA5 49435","1431","237","0","11","181","99","82","43","215","92","124","67","217","76","165","140","212","101","57","40","178","107",
"860Z200US49436","ZCTA5 49436","2308","151","8","14","187","67","330","100","327","88","312","77","371","99","380","102","162","64","59","51","172","58",
"860Z200US49437","ZCTA5 49437","3175","168","0","15","127","50","373","96","444","82","391","80","486","75","305","66","430","103","108","37","511","117",
"860Z200US49440","ZCTA5 49440","835","162","0","11","169","80","4","5","0","11","0","11","56","31","85","64","40","35","48","51","433","133",
"860Z200US49441","ZCTA5 49441","16688","454","9","14","472","173","1372","214","1748","384","1122","229","1745","314","2275","290","2957","383","1805","272","3183","365",
"860Z200US49442","ZCTA5 49442","17909","547","64","63","500","180","1014","276","2046","314","1091","277","2667","487","1734","294","2700","417","2878","449","3215","437",
"860Z200US49443","ZCTA5 49443","0","11","0","11","0","11","0","11","0","11","0","11","0","11","0","11","0","11","0","11","0","11",
"860Z200US49444","ZCTA5 49444","11148","429","21","35","442","127","1181","221","890","195","665","159","1236","229","1476","314","1590","246","1471","273","2176","292",
"860Z200US49445","ZCTA5 49445","9237","434","32","27","289","177","1277","191","1555","290","835","298","1262","243","867","169","1586","231","676","161","858","189",
"860Z200US49446","ZCTA5 49446","1112","147","0","11","58","34","145","56","205","77","156","64","203","97","100","43","50","28","17","14","178","65",
"860Z200US49448","ZCTA5 49448","1799","162","0","11","279","100","196","153","235","119","98","54","264","112","232","138","176","54","127","67","192","70",
"860Z200US49449","ZCTA5 49449","2582","134","0","11","231","70","322","74","386","78","326","67","452","95","103","38","127","60","117","52","518","98",
"860Z200US49450","ZCTA5 49450","1463","255","0","11","107","99","188","126","373","188","200","104","94","74","88","72","61","43","112","60","240","110",
"860Z200US49451","ZCTA5 49451","2407","247","3","5","103","63","319","114","535","119","244","90","413","90","157","43","205","60","111","45","317","69",
"860Z200US49452","ZCTA5 49452","915","123","4","6","22","15","184","57","192","52","101","36","162","51","66","55","56","26","33","25","95","39",
"860Z200US49453","ZCTA5 49453","2020","255","12","14","301","99","458","140","212","94","242","97","273","135","50","28","103","78","51","29","318","87",
"860Z200US49454","ZCTA5 49454","2108","160","0","11","67","29","169","46","223","60","250","74","438","95","127","41","196","50","122","44","516","91",
"860Z200US49455","ZCTA5 49455","2689","186","0","15","137","52","355","84","356","100","251","78","412","105","314","72","207","89","109","37","548","126",
"860Z200US49456","ZCTA5 49456","9701","363","45","36","739","164","1658","303","1479","262","1432","308","1391","237","757","154","1030","222","272","104","898","196",
"860Z200US49457","ZCTA5 49457","4921","282","10","16","136","82","1138","162","1282","191","557","156","544","153","120","59","418","114","235","116","481","175",
"860Z200US49458","ZCTA5 49458","98","73","0","11","3","4","3","4","59","71","6","6","7","10","3","4","13","12","0","11","4","5",
"860Z200US49459","ZCTA5 49459","966","79","3","5","40","24","128","39","140","32","141","44","225","44","71","32","102","37","39","19","77","28",
"860Z200US49460","ZCTA5 49460","3442","248","87","69","760","181","583","172","814","179","497","165","357","104","87","59","65","44","16","26","176","100",
"860Z200US49461","ZCTA5 49461","4046","318","10","13","269","116","474","139","746","163","447","243","698","189","228","87","406","134","191","72","577","159",
"860Z200US49464","ZCTA5 49464","10682","466","31","29","1034","262","1696","286","2742","359","1071","207","1124","216","528","159","725","188","579","220","1152","252",
"860Z200US49503","ZCTA5 49503","18504","672","11","18","1899","310","856","197","976","405","660","170","770","178","908","190","1549","253","1009","277","9866","583",
"860Z200US49504","ZCTA5 49504","18640","738","44","44","942","427","1265","246","1099","341","671","220","1603","396","1688","309","2357","352","1231","240","7740","681",
"860Z200US49505","ZCTA5 49505","14104","556","0","23","391","142","1050","296","1309","231","1261","245","897","179","1185","254","2900","302","1602","297","3509","394",
"860Z200US49506","ZCTA5 49506","13190","541","13","21","483","146","206","99","448","210","527","153","1063","224","1836","264","2896","332","1081","196","4637","390",
"860Z200US49507","ZCTA5 49507","13717","597","0","23","273","109","527","186","232","96","211","93","222","107","1143","264","2264","346","2861","343","5984","527",
"860Z200US49508","ZCTA5 49508","16393","665","46","54","614","259","930","294","3301","449","2718","466","3096","518","2594","374","2124","370","673","292","297","180",
"860Z200US49509","ZCTA5 49509","10722","546","63","61","139","124","310","119","773","263","565","191","1583","350","1871","428","3373","486","823","214","1222","260",
"860Z200US49512","ZCTA5 49512","8852","610","22","19","839","289","2030","337","2135","331","1505","329","1608","415","480","141","56","38","6","11","171","113",
"860Z200US49519","ZCTA5 49519","11564","447","70","67","587","208","882","216","1501","294","1884","335","2070","339","1358","225","1933","260","469","157","810","177",
"860Z200US49525","ZCTA5 49525","12410","524","0","23","1354","229","808","179","2404","510","2083","371","1934","359","1375","274","1517","294","370","160","565","161",
"860Z200US49534","ZCTA5 49534","9717","476","23","28","1090","238","1670","284","1755","287","1400","263","1395","329","911","256","737","185","334","142","402","149",
"860Z200US49544","ZCTA5 49544","4318","416","21","35","385","168","340","139","849","194","835","267","626","252","793","186","137","89","101","64","231","106",
"860Z200US49546","ZCTA5 49546","13604","484","36","45","841","185","1489","267","2050","278","2483","347","3920","547","1464","282","874","230","152","93","295","119",
"860Z200US49548","ZCTA5 49548","12942","528","61","62","859","197","876","237","1304","232","2086","304","1367","258","1544","272","2082","276","1709","345","1054","263",
"860Z200US49601","ZCTA5 49601","10667","220","33","25","316","106","1694","287","1707","307","1277","224","1635","262","740","133","841","176","583","180","1841","237",
"860Z200US49611","ZCTA5 49611","162","70","0","11","0","11","0","11","30","41","15","21","27","22","11","15","52","41","2","5","25","22",
"860Z200US49612","ZCTA5 49612","915","92","18","22","23","17","130","37","121","45","142","48","124","47","40","22","51","27","90","51","176","55",
"860Z200US49613","ZCTA5 49613","633","93","2","4","30","23","32","21","68","23","88","39","153","58","42","22","53","24","62","26","103","36",
"860Z200US49614","ZCTA5 49614","1965","135","15","15","79","36","227","52","226","46","242","55","285","53","309","98","160","44","146","40","276","49",
"860Z200US49615","ZCTA5 49615","3550","174","0","11","147","54","446","102","434","95","583","101","708","117","350","82","357","87","220","70","305","77",
"860Z200US49616","ZCTA5 49616","1116","102","0","11","67","32","92","27","167","36","201","63","93","33","78","33","79","33","92","43","247","60",
"860Z200US49617","ZCTA5 49617","2562","192","4","6","138","61","241","73","646","142","308","92","332","85","373","86","195","70","99","43","226","68",
"860Z200US49618","ZCTA5 49618","464","65","0","11","25","15","66","25","108","50","49","19","65","28","35","17","25","13","9","9","82","42",
"860Z200US49619","ZCTA5 49619","658","78","3","4","12","10","62","19","149","49","85","40","152","40","67","29","54","26","18","13","56","27",
"860Z200US49620","ZCTA5 49620","1102","102","11","7","97","31","341","66","163","38","78","29","234","51","39","20","35","27","7","7","97","29",
"860Z200US49621","ZCTA5 49621","2015","155","4","7","124","40","336","69","378","70","289","62","428","95","103","38","92","25","51","30","210","67",
"860Z200US49622","ZCTA5 49622","1858","147","16","22","68","44","136","44","336","81","226","81","267","67","163","60","241","87","195","69","210","63",
"860Z200US49623","ZCTA5 49623","848","86","0","11","20","12","102","33","188","42","130","40","177","44","44","24","38","20","24","16","125","40",
"860Z200US49625","ZCTA5 49625","821","94","0","11","32","15","130","60","139","36","86","33","137","49","65","32","51","30","60","41","121","31",
"860Z200US49626","ZCTA5 49626","159","35","2","3","0","11","19","13","7","12","0","11","26","15","29","20","21","17","11","10","44","22",
"860Z200US49627","ZCTA5 49627","260","61","0","11","4","5","28","20","43","32","20","22","69","35","10","11","38","32","34","31","14","14",
"860Z200US49628","ZCTA5 49628","182","44","0","11","4","5","0","11","3","5","10","8","5","6","16","9","23","11","38","21","83","34",
"860Z200US49629","ZCTA5 49629","1661","131","6","11","39","25","161","65","166","71","136","64","283","100","112","54","168","77","109","66","481","139",
"860Z200US49630","ZCTA5 49630","1402","141","9","13","184","52","258","65","344","101","84","32","165","51","75","29","98","35","81","53","104","30",
"860Z200US49631","ZCTA5 49631","3629","192","5","6","47","26","285","71","645","111","526","80","797","115","383","87","285","57","114","40","542","90",
"860Z200US49632","ZCTA5 49632","771","71","1","3","15","13","66","30","111","34","87","36","165","39","99","26","40","24","49","22","138","40",
"860Z200US49633","ZCTA5 49633","2687","170","1","2","157","62","311","59","668","142","253","52","401","65","347","103","209","53","91","35","249","53",
"860Z200US49634","ZCTA5 49634","62","25","0","11","7","11","0","11","0","11","0","11","0","11","8","12","18","16","12","13","17","15",
"860Z200US49635","ZCTA5 49635","3057","141","6","7","142","41","308","65","521","98","423","72","403","71","295","59","317","74","288","67","354","67",
"860Z200US49636","ZCTA5 49636","1302","124","0","11","59","33","231","55","525","94","210","53","99","36","58","32","55","36","32","20","33","21",
"860Z200US49637","ZCTA5 49637","1466","244","0","11","90","66","212","146","284","128","308","127","237","117","77","65","94","81","0","11","164","113",
"860Z200US49638","ZCTA5 49638","655","63","0","11","14","10","54","22","139","48","118","33","99","29","67","28","27","15","33","18","104","31",
"860Z200US49639","ZCTA5 49639","1260","123","0","11","69","36","123","38","222","72","223","93","259","67","102","34","72","47","18","11","172","38",
"860Z200US49640","ZCTA5 49640","1215","115","0","11","65","33","128","51","174","44","120","41","206","45","192","53","118","38","94","41","118","40",
"860Z200US49642","ZCTA5 49642","1172","119","6","6","27","20","234","64","222","47","132","40","166","44","82","37","170","61","54","28","79","34",
"860Z200US49643","ZCTA5 49643","3600","341","13","20","236","107","762","279","682","148","487","177","608","180","410","181","95","52","81","88","226","176",
"860Z200US49644","ZCTA5 49644","3005","123","7","7","152","38","522","74","570","68","415","77","597","97","305","59","280","64","59","23","98","32",
"860Z200US49645","ZCTA5 49645","1149","104","2","3","9","7","101","31","123","42","187","53","259","69","174","50","79","24","65","32","150","52",
"860Z200US49646","ZCTA5 49646","5646","198","12","14","212","69","695","114","617","108","826","147","1270","168","697","114","649","139","191","56","477","121",
"860Z200US49648","ZCTA5 49648","2078","169","4","6","151","55","392","100","342","78","308","80","334","94","172","70","149","56","45","34","181","82",
"860Z200US49649","ZCTA5 49649","2605","244","5","7","243","126","615","128","447","116","183","69","362","117","142","58","152","101","182","142","274","78",
"860Z200US49650","ZCTA5 49650","1484","137","19","26","76","58","460","140","512","140","69","61","157","65","101","61","38","28","24","24","28","28",
"860Z200US49651","ZCTA5 49651","4952","163","56","52","184","63","410","89","810","132","833","155","1103","169","514","112","397","85","174","54","471","99",
"860Z200US49653","ZCTA5 49653","1496","146","0","11","141","72","227","76","320","98","144","62","129","63","171","75","30","27","74","37","260","74",
"860Z200US49654","ZCTA5 49654","640","125","8","11","18","24","125","68","61","54","63","43","101","61","127","67","31","25","0","11","106","61",
"860Z200US49655","ZCTA5 49655","1950","143","0","11","64","30","271","83","368","84","283","51","384","80","147","45","83","35","98","39","252","54",
"860Z200US49656","ZCTA5 49656","1504","99","0","11","46","20","213","47","312","59","193","45","261","54","144","36","90","31","36","20","209","55",
"860Z200US49657","ZCTA5 49657","1559","97","0","11","28","12","263","54","245","54","216","57","294","54","73","33","77","27","87","28","276","55",
"860Z200US49659","ZCTA5 49659","4550","253","9","11","157","67","518","103","1092","189","584","163","1088","194","567","96","147","52","140","56","248","71",
"860Z200US49660","ZCTA5 49660","7704","242","0","17","232","73","777","141","803","146","691","155","1036","170","1021","169","911","190","459","122","1774","256",
"860Z200US49663","ZCTA5 49663","2651","136","2","3","99","31","465","69","552","78","268","62","474","82","236","52","107","41","43","21","405","78",
"860Z200US49664","ZCTA5 49664","1341","99","3","6","100","43","183","50","310","66","181","47","202","52","61","31","87","35","43","22","171","46",
"860Z200US49665","ZCTA5 49665","2236","136","2","4","112","42","259","60","261","53","324","65","325","81","236","60","228","45","91","30","398","65",
"860Z200US49667","ZCTA5 49667","526","76","1","2","26","15","47","21","72","21","74","28","115","35","65","23","85","48","11","9","30","17",
"860Z200US49668","ZCTA5 49668","1892","115","0","11","108","41","238","50","384","64","303","59","331","60","186","55","100","33","53","27","189","40",
"860Z200US49670","ZCTA5 49670","1694","141","0","11","103","58","206","66","299","79","305","85","232","82","131","63","60","42","37","22","321","98",
"860Z200US49674","ZCTA5 49674","307","96","0","11","28","30","61","39","58","49","85","49","24","32","22","33","14","15","0","11","15","23",
"860Z200US49675","ZCTA5 49675","842","104","4","5","32","15","59","28","71","34","77","34","182","82","122","37","84","40","84","39","127","43",
"860Z200US49676","ZCTA5 49676","2435","184","7","10","109","47","274","60","490","118","480","113","486","130","257","106","84","45","103","53","145","57",
"860Z200US49677","ZCTA5 49677","3492","158","3","4","84","55","274","69","481","101","462","70","691","107","355","81","337","80","164","46","641","92",
"860Z200US49679","ZCTA5 49679","994","86","0","11","37","26","118","48","210","56","125","43","226","61","90","44","75","33","19","17","94","32",
"860Z200US49680","ZCTA5 49680","938","97","3","5","10","11","178","52","147","51","132","45","191","50","68","37","32","22","13","16","164","61",
"860Z200US49682","ZCTA5 49682","2510","182","4","5","183","95","581","129","387","103","490","145","360","119","186","92","65","39","117","60","137","43",
"860Z200US49683","ZCTA5 49683","1614","135","7","7","53","23","305","70","351","73","353","67","299","74","72","36","26","15","30","21","118","35",
"860Z200US49684","ZCTA5 49684","10602","532","41","40","1001","287","1601","353","1596","266","1166","210","1479","303","568","165","439","116","353","160","2358","344",
"860Z200US49685","ZCTA5 49685","9234","478","57","45","1315","255","2134","393","1471","263","1440","290","1490","268","396","195","377","167","98","91","456","211",
"860Z200US49686","ZCTA5 49686","13295","488","18","20","1427","269","1755","326","2019","351","1943","372","2373","328","782","201","1365","245","358","124","1255","254",
"860Z200US49688","ZCTA5 49688","1297","110","8","7","41","15","212","44","198","41","148","38","213","55","105","38","86","40","24","13","262","54",
"860Z200US49689","ZCTA5 49689","1612","126","0","11","49","28","166","46","289","55","312","77","249","62","195","51","179","47","100","48","73","36",
"860Z200US49690","ZCTA5 49690","3437","235","8","13","308","133","612","145","678","146","522","133","608","150","216","95","222","103","94","73","169","59",
"860Z200US49696","ZCTA5 49696","4792","349","23","29","321","118","1125","259","955","189","600","179","1050","284","156","76","411","137","78","57","73","63",
"860Z200US49701","ZCTA5 49701","760","105","0","11","15","13","57","19","101","37","80","31","130","41","111","46","92","40","30","26","144","43",
"860Z200US49705","ZCTA5 49705","474","68","0","11","33","23","59","20","83","29","42","21","92","37","50","23","42","16","34","23","39","37",
"860Z200US49706","ZCTA5 49706","3020","277","0","11","316","123","559","204","577","166","711","221","424","124","136","98","127","63","22","20","148","75",
"860Z200US49707","ZCTA5 49707","11957","211","0","20","281","122","739","150","827","183","1010","177","2271","254","1820","296","2028","248","1073","204","1908","293",
"860Z200US49709","ZCTA5 49709","3745","156","2","3","74","41","247","69","431","89","494","93","870","126","761","123","469","90","264","69","133","58",
"860Z200US49710","ZCTA5 49710","347","87","0","11","16","7","69","67","84","47","45","33","22","16","5","8","69","38","7","7","30","36",
"860Z200US49712","ZCTA5 49712","5179","190","4","5","270","73","727","114","875","133","697","126","889","139","419","103","358","96","307","142","633","118",
"860Z200US49713","ZCTA5 49713","1393","138","0","11","44","26","207","64","288","93","154","47","202","41","150","47","138","90","75","41","135","34",
"860Z200US49715","ZCTA5 49715","1923","127","13","15","174","56","303","71","477","93","214","61","255","74","189","54","96","35","68","30","134","49",
"860Z200US49716","ZCTA5 49716","631","80","2","3","23","17","90","37","161","50","51","23","72","27","108","40","55","27","6","5","63","33",
"860Z200US49717","ZCTA5 49717","77","51","0","11","0","11","11","15","7","12","14","20","0","11","0","11","0","11","0","11","45","53",
"860Z200US49718","ZCTA5 49718","739","103","4","6","14","12","78","31","171","77","111","33","71","29","86","36","50","21","38","19","116","41",
"860Z200US49719","ZCTA5 49719","1645","141","0","11","43","35","156","59","190","67","82","50","405","92","235","100","151","57","161","66","222","84",
"860Z200US49720","ZCTA5 49720","6147","184","7","9","248","90","636","114","905","105","1133","161","951","134","632","134","302","82","513","169","820","141",
"860Z200US49721","ZCTA5 49721","8634","234","3","4","248","90","1140","159","1642","194","1054","202","1209","180","1060","178","796","141","438","105","1044","161",
"860Z200US49722","ZCTA5 49722","116","54","0","11","24","23","46","36","0","11","17","27","16","24","0","11","13","21","0","11","0","11",
"860Z200US49724","ZCTA5 49724","490","96","3","6","23","14","50","29","149","52","68","39","56","33","17","14","48","27","11","9","65","43",
"860Z200US49725","ZCTA5 49725","816","83","0","11","32","15","107","38","159","43","84","32","99","38","68","30","150","32","41","24","76","33",
"860Z200US49726","ZCTA5 49726","1533","125","0","11","86","37","240","68","469","115","184","56","267","61","96","42","78","36","30","23","83","36",
"860Z200US49727","ZCTA5 49727","4105","222","21","22","191","52","512","87","716","126","561","94","609","92","489","106","266","67","228","60","512","98",
"860Z200US49728","ZCTA5 49728","597","67","0","11","11","9","116","38","164","46","65","25","57","26","42","22","53","22","55","24","34","16",
"860Z200US49729","ZCTA5 49729","1010","99","0","11","41","31","108","35","115","34","82","34","203","60","96","49","95","43","46","27","224","59",
"860Z200US49730","ZCTA5 49730","1398","141","0","11","56","32","277","73","360","69","164","57","221","75","126","62","104","45","15","13","75","32",
"860Z200US49733","ZCTA5 49733","1525","165","5","6","66","50","243","70","398","107","298","77","263","67","132","46","62","28","32","23","26","13",
"860Z200US49735","ZCTA5 49735","11485","170","11","11","629","240","1463","229","2076","261","1711","300","2829","325","1156","257","815","226","296","134","499","141",
"860Z200US49736","ZCTA5 49736","494","58","2","3","36","21","64","24","112","37","65","26","71","25","29","21","55","28","11","9","49","22",
"860Z200US49738","ZCTA5 49738","7257","200","18","26","91","37","734","173","1320","231","1008","206","1573","225","912","161","639","154","536","160","426","139",
"860Z200US49740","ZCTA5 49740","6085","250","12","9","185","48","885","129","1162","151","991","141","1129","178","381","75","228","63","248","67","864","124",
"860Z200US49743","ZCTA5 49743","738","76","4","7","14","10","71","27","94","28","78","28","130","34","54","25","141","39","39","19","113","35",
"860Z200US49744","ZCTA5 49744","462","75","0","11","19","19","38","25","116","52","55","27","72","29","63","30","34","25","17","24","48","34",
"860Z200US49745","ZCTA5 49745","1008","130","5","7","25","18","152","54","109","39","144","55","211","63","68","45","108","45","62","47","124","58",
"860Z200US49746","ZCTA5 49746","2710","146","8","13","51","23","280","66","431","88","315","68","654","94","314","75","289","73","156","55","212","52",
"860Z200US49747","ZCTA5 49747","1689","145","9","14","19","15","190","54","175","45","199","66","309","68","205","90","307","92","77","50","199","51",
"860Z200US49748","ZCTA5 49748","282","54","0","11","9","8","52","24","51","22","52","28","26","13","20","14","24","14","24","13","24","13",
"860Z200US49749","ZCTA5 49749","3759","225","6","6","149","56","482","124","868","169","591","149","753","157","384","105","280","106","116","70","130","64",
"860Z200US49751","ZCTA5 49751","1819","135","5","7","17","17","99","29","350","86","263","66","365","75","297","66","230","94","111","53","82","31",
"860Z200US49752","ZCTA5 49752","350","103","0","11","63","55","40","31","103","60","18","19","41","30","67","64","18","24","0","11","0","11",
"860Z200US49753","ZCTA5 49753","1335","122","10","14","27","19","92","29","169","49","162","50","324","65","165","46","83","35","84","31","219","52",
"860Z200US49755","ZCTA5 49755","1261","119","2","4","44","22","147","40","277","51","163","43","173","41","134","47","106","36","38","18","177","54",
"860Z200US49756","ZCTA5 49756","4544","178","14","19","64","35","391","83","799","159","717","139","878","144","794","133","597","126","180","77","110","58",
"860Z200US49757","ZCTA5 49757","957","113","0","11","14","14","83","28","99","35","210","56","62","50","100","75","26","18","7","10","356","62",
"860Z200US49759","ZCTA5 49759","1638","104","0","11","28","18","238","52","282","56","141","36","312","55","221","54","263","53","37","23","116","50",
"860Z200US49760","ZCTA5 49760","771","90","0","11","48","28","58","30","183","58","105","40","88","45","67","28","111","37","35","21","76","28",
"860Z200US49762","ZCTA5 49762","773","98","0","11","12","10","107","39","157","51","115","36","101","36","111","42","64","31","66","37","40","27",
"860Z200US49764","ZCTA5 49764","0","11","0","11","0","11","0","11","0","11","0","11","0","11","0","11","0","11","0","11","0","11",
"860Z200US49765","ZCTA5 49765","2846","181","0","11","112","46","322","105","471","76","294","62","480","77","286","58","220","46","239","81","422","78",
"860Z200US49766","ZCTA5 49766","1192","137","10","11","36","28","66","33","110","55","72","41","258","86","192","72","186","56","76","40","186","72",
"860Z200US49768","ZCTA5 49768","916","80","0","11","52","27","208","52","168","34","108","36","135","43","59","28","73","31","70","26","43","23",
"860Z200US49769","ZCTA5 49769","948","94","0","11","25","18","208","77","192","47","99","29","120","35","55","22","89","30","27","16","133","33",
"860Z200US49770","ZCTA5 49770","10041","357","11","14","566","178","1463","210","2091","285","1179","235","1371","255","602","149","569","197","480","147","1709","259",
"860Z200US49774","ZCTA5 49774","1048","122","0","11","51","31","140","53","183","49","89","34","197","52","91","38","77","31","44","26","176","82",
"860Z200US49775","ZCTA5 49775","512","90","0","11","45","48","102","57","35","18","112","50","72","23","41","23","48","21","2","3","55","19",
"860Z200US49776","ZCTA5 49776","1013","86","3","4","18","13","40","14","95","29","86","27","203","42","122","30","87","32","72","26","287","63",
"860Z200US49777","ZCTA5 49777","1810","109","0","11","70","43","281","82","388","94","183","57","269","77","311","78","172","64","90","44","46","22",
"860Z200US49779","ZCTA5 49779","2710","119","0","11","27","18","215","55","309","85","170","55","316","66","366","93","493","117","284","106","530","144",
"860Z200US49780","ZCTA5 49780","998","136","0","11","25","23","185","61","169","65","36","28","102","35","93","57","121","45","114","45","153","49",
"860Z200US49781","ZCTA5 49781","2307","155","3","4","117","54","242","69","356","81","308","77","266","68","223","59","271","67","183","61","338","68",
"860Z200US49782","ZCTA5 49782","966","53","0","11","36","18","127","22","204","49","158","33","144","36","109","36","52","23","54","21","82","22",
"860Z200US49783","ZCTA5 49783","9392","237","0","17","256","102","1220","163","1437","237","865","180","989","188","678","166","951","186","903","250","2093","284",
"860Z200US49784","ZCTA5 49784","0","11","0","11","0","11","0","11","0","11","0","11","0","11","0","11","0","11","0","11","0","11",
"860Z200US49788","ZCTA5 49788","1015","135","0","11","4","6","13","19","34","32","28","23","68","32","430","97","365","97","66","28","7","11",
"860Z200US49791","ZCTA5 49791","229","65","3","5","0","11","47","39","43","24","19","16","23","22","3","4","7","10","19","20","65","34",
"860Z200US49793","ZCTA5 49793","443","91","0","11","0","11","30","20","93","68","38","24","72","32","58","31","88","34","23","17","41","22",
"860Z200US49795","ZCTA5 49795","1203","96","0","11","30","23","206","53","233","56","200","54","199","53","170","46","47","25","49","25","69","38",
"860Z200US49796","ZCTA5 49796","259","55","0","11","19","20","32","25","19","10","36","20","56","33","0","11","51","34","0","11","46","26",
"860Z200US49799","ZCTA5 49799","1488","124","0","11","50","26","345","79","333","65","182","53","277","63","104","36","77","28","9","7","111","35",
"860Z200US49801","ZCTA5 49801","5744","294","8","13","131","62","433","117","626","179","593","174","905","190","630","181","635","171","335","98","1448","223",
"860Z200US49802","ZCTA5 49802","2836","209","0","15","127","69","194","103","215","100","375","142","315","113","363","168","310","112","262","103","675","163",
"860Z200US49805","ZCTA5 49805","341","75","0","11","3","4","47","23","63","34","30","22","3","4","0","11","17","16","8","7","170","64",
"860Z200US49806","ZCTA5 49806","690","76","0","11","36","21","65","35","87","37","65","30","104","39","165","47","100","33","13","9","55","27",
"860Z200US49807","ZCTA5 49807","1558","128","0","11","49","24","159","47","292","90","208","64","275","55","113","43","133","49","81","33","248","77",
"860Z200US49808","ZCTA5 49808","691","165","0","11","0","11","36","22","90","43","15","16","47","25","85","38","124","74","54","28","240","164",
"860Z200US49812","ZCTA5 49812","513","57","0","11","25","21","76","30","66","29","47","21","82","28","39","18","36","16","30","14","112","34",
"860Z200US49814","ZCTA5 49814","765","98","4","5","42","25","52","25","67","31","56","27","129","52","109","28","107","46","37","18","162","45",
"860Z200US49815","ZCTA5 49815","458","81","0","11","2","3","48","27","99","43","55","33","82","43","33","16","68","38","6","10","65","36",
"860Z200US49816","ZCTA5 49816","433","81","0","11","2","3","40","19","56","30","20","13","96","44","46","28","33","20","46","26","94","43",
"860Z200US49817","ZCTA5 49817","341","65","2","3","17","14","52","30","25","14","39","18","87","37","56","23","31","13","9","9","23","13",
"860Z200US49818","ZCTA5 49818","822","95","0","11","39","34","92","40","160","66","95","30","162","40","80","26","60","22","29","18","105","43",
"860Z200US49820","ZCTA5 49820","274","57","0","11","8","13","40","27","29","18","38","32","22","20","30","23","33","24","31","25","43","29",
"860Z200US49821","ZCTA5 49821","899","95","0","11","56","40","118","56","155","53","83","29","100","31","40","17","82","26","46","20","219","55",
"860Z200US49822","ZCTA5 49822","253","43","2","3","15","15","43","26","38","18","21","15","40","21","13","12","33","15","20","14","28","17",
"860Z200US49825","ZCTA5 49825","155","50","0","11","0","11","16","16","11","9","40","30","33","25","0","11","8","13","8","10","39","29",
"860Z200US49826","ZCTA5 49826","59","34","0","11","0","11","0","11","32","32","0","11","5","6","0","11","0","11","12","14","10","10",
"860Z200US49827","ZCTA5 49827","767","102","0","11","34","20","65","34","124","60","75","32","85","36","101","40","122","46","39","19","122","44",
"860Z200US49829","ZCTA5 49829","8657","307","48","71","80","50","386","131","549","103","534","133","1539","249","787","170","1248","224","546","144","2940","309",
"860Z200US49831","ZCTA5 49831","541","81","3","5","18","20","67","25","95","33","71","26","106","35","31","20","70","28","13","11","67","32",
"860Z200US49833","ZCTA5 49833","95","70","0","11","9","14","9","13","0","11","26","40","38","34","13","21","0","11","0","11","0","11",
"860Z200US49834","ZCTA5 49834","370","78","0","11","15","13","46","29","54","25","36","21","47","27","34","19","69","60","29","17","40","18",
"860Z200US49835","ZCTA5 49835","555","69","0","11","18","11","72","24","50","20","52","21","100","29","63","22","55","23","54","27","91","26",
"860Z200US49836","ZCTA5 49836","1043","126","10","14","29","18","137","49","230","59","159","67","190","52","96","38","93","38","18","12","81","30",
"860Z200US49837","ZCTA5 49837","4367","293","24","28","103","59","510","147","627","162","567","151","720","155","379","121","407","142","191","86","839","188",
"860Z200US49838","ZCTA5 49838","591","84","0","11","29","24","65","26","110","39","87","44","89","37","44","26","73","30","35","23","59","27",
"860Z200US49839","ZCTA5 49839","593","89","0","11","0","11","125","60","111","37","79","36","86","34","46","25","49","25","0","11","97","36",
"860Z200US49840","ZCTA5 49840","636","66","0","11","13","12","49","21","138","33","74","30","99","29","69","24","76","25","37","21","81","30",
"860Z200US49841","ZCTA5 49841","3812","238","14","19","86","60","309","134","421","123","405","128","870","162","925","179","406","123","159","65","217","91",
"860Z200US49847","ZCTA5 49847","572","77","4","5","3","4","68","38","84","40","56","25","43","20","62","35","49","23","58","32","145","51",
"860Z200US49848","ZCTA5 49848","78","32","0","11","4","5","12","13","3","4","2","3","14","14","14","10","7","8","4","5","18","19",
"860Z200US49849","ZCTA5 49849","5985","270","17","27","153","69","310","84","446","115","236","64","1077","199","527","121","787","150","525","122","1907","217",
"860Z200US49852","ZCTA5 49852","79","32","0","11","0","11","0","11","0","11","0","11","21","21","4","5","7","7","9","13","38","19",
"860Z200US49853","ZCTA5 49853","1210","139","0","11","49","36","211","59","170","52","98","40","178","49","145","47","140","58","75","40","144","47",
"860Z200US49854","ZCTA5 49854","4372","116","5","5","146","43","506","82","716","99","477","99","484","83","362","98","538","125","326","82","812","121",
"860Z200US49855","ZCTA5 49855","15320","349","31","29","945","256","1250","218","1519","265","1556","329","3324","339","1588","247","1480","219","756","165","2871","299",
"860Z200US49858","ZCTA5 49858","6406","184","7","10","103","67","340","91","476","130","572","152","1109","197","587","146","988","178","660","150","1564","245",
"860Z200US49861","ZCTA5 49861","673","61","0","11","9","9","50","19","108","27","60","23","164","37","84","26","75","28","48","19","75","24",
"860Z200US49862","ZCTA5 49862","2367","152","1","2","54","32","175","71","301","84","255","74","402","90","325","73","230","79","168","56","456","81",
"860Z200US49863","ZCTA5 49863","105","33","0","11","3","4","3","5","3","5","9","13","10","15","8","10","2","4","9","12","58","33",
"860Z200US49864","ZCTA5 49864","45","18","0","11","0","11","5","7","2","3","2","3","0","11","2","3","0","11","6","9","28","18",
"860Z200US49866","ZCTA5 49866","3759","170","0","15","179","72","266","105","369","108","242","87","646","135","405","106","554","131","198","78","900","126",
"860Z200US49868","ZCTA5 49868","2707","181","13","20","21","17","373","94","404","100","339","99","506","116","329","82","186","64","124","49","412","86",
"860Z200US49870","ZCTA5 49870","1804","199","0","11","14","15","173","97","192","98","136","76","174","72","170","107","208","97","133","81","604","189",
"860Z200US49871","ZCTA5 49871","220","47","0","11","0","11","4","7","13","16","2","4","2","4","8","10","49","27","27","16","115","34",
"860Z200US49872","ZCTA5 49872","147","59","0","11","4","4","5","6","26","17","18","13","26","19","0","11","44","44","7","5","17","9",
"860Z200US49873","ZCTA5 49873","230","47","0","11","14","14","25","16","53","25","32","23","12","14","20","21","34","25","9","14","31","22",
"860Z200US49874","ZCTA5 49874","488","85","0","11","26","19","36","24","62","33","90","40","96","51","36","14","38","16","37","23","67","33",
"860Z200US49876","ZCTA5 49876","636","168","0","11","12","17","0","11","0","11","32","36","389","160","53","51","19","30","0","11","131","100",
"860Z200US49877","ZCTA5 49877","140","40","0","11","0","11","15","13","37","23","26","22","24","19","3","5","10","10","9","11","16","18",
"860Z200US49878","ZCTA5 49878","2633","130","3","5","103","34","284","57","338","62","321","61","426","60","252","51","397","77","110","31","399","62",
"860Z200US49879","ZCTA5 49879","1046","110","0","11","33","20","122","39","125","43","107","38","153","48","173","70","135","49","37","19","161","40",
"860Z200US49880","ZCTA5 49880","894","101","0","11","14","11","91","28","99","38","116","44","180","42","55","23","86","32","47","23","206","54",
"860Z200US49881","ZCTA5 49881","265","64","0","11","3","5","61","48","18","14","28","19","41","32","13","14","42","25","20","22","39","21",
"860Z200US49883","ZCTA5 49883","243","36","0","11","8","7","11","11","85","31","36","20","18","10","46","18","25","14","2","2","12","10",
"860Z200US49884","ZCTA5 49884","393","87","3","4","0","11","39","31","90","49","105","64","31","21","58","48","30","36","19","23","18","16",
"860Z200US49885","ZCTA5 49885","1108","158","0","11","40","41","67","24","139","81","138","54","327","82","171","52","65","28","54","30","107","35",
"860Z200US49886","ZCTA5 49886","247","67","0","11","3","4","11","9","67","46","21","21","33","14","39","28","33","18","7","11","33","13",
"860Z200US49887","ZCTA5 49887","1785","127","0","11","80","25","160","37","263","66","220","60","316","62","92","33","208","42","139","35","307","60",
"860Z200US49891","ZCTA5 49891","388","53","0","11","7","6","35","18","61","21","16","10","47","21","64","31","52","26","37","21","69","24",
"860Z200US49892","ZCTA5 49892","1362","116","3","4","86","34","156","45","182","45","255","63","155","44","79","39","140","56","78","38","228","58",
"860Z200US49893","ZCTA5 49893","810","100","3","4","10","9","122","49","121","39","104","46","217","63","60","60","22","14","54","29","97","45",
"860Z200US49894","ZCTA5 49894","361","109","0","11","0","11","0","11","0","11","14","22","88","64","109","92","74","46","63","49","13","19",
"860Z200US49895","ZCTA5 49895","1257","125","0","11","97","48","185","54","139","53","247","74","194","49","158","59","126","45","71","40","40","22",
"860Z200US49896","ZCTA5 49896","738","84","16","19","48","22","93","28","152","40","123","42","100","36","52","22","36","20","31","17","87","41",
"860Z200US49901","ZCTA5 49901","231","51","0","11","0","11","20","18","8","9","26","22","1","2","4","4","16","12","0","11","156","42",
"860Z200US49902","ZCTA5 49902","164","48","0","11","6","7","8","9","7","5","1","3","19","13","7","8","16","15","26","12","74","39",
"860Z200US49903","ZCTA5 49903","376","75","0","11","55","62","25","18","16","13","51","17","34","17","27","13","11","10","4","4","153","49",
"860Z200US49905","ZCTA5 49905","884","118","3","5","15","12","129","56","147","92","126","45","56","29","34","36","53","35","68","54","253","65",
"860Z200US49908","ZCTA5 49908","1292","117","0","11","29","14","129","38","199","59","144","49","241","76","76","30","124","49","100","52","250","55",
"860Z200US49910","ZCTA5 49910","274","48","0","11","9","13","41","21","18","9","56","34","44","23","36","23","23","12","18","21","29","18",
"860Z200US49911","ZCTA5 49911","1854","140","0","11","12","13","32","17","188","115","207","71","242","72","82","40","226","94","154","50","711","100",
"860Z200US49912","ZCTA5 49912","866","76","0","11","47","23","64","25","90","33","98","46","116","36","94","37","87","31","58","23","212","54",
"860Z200US49913","ZCTA5 49913","3920","223","5","8","98","50","128","51","151","58","113","51","188","72","309","85","257","81","239","81","2432","212",
"860Z200US49915","ZCTA5 49915","328","55","0","11","0","11","6","6","6","7","35","20","24","11","20","12","46","22","57","22","134","42",
"860Z200US49916","ZCTA5 49916","1690","163","25","38","48","35","159","62","185","78","155","54","428","104","100","53","89","37","90","42","411","125",
"860Z200US49917","ZCTA5 49917","124","40","0","11","0","11","2","3","2","3","0","11","7","7","2","4","20","20","4","4","87","37",
"860Z200US49918","ZCTA5 49918","128","29","2","3","12","11","8","6","14","13","4","5","14","12","22","12","25","15","0","11","27","14",
"860Z200US49919","ZCTA5 49919","193","49","0","11","0","11","11","11","7","6","26","13","48","27","7","6","14","14","20","14","60","32",
"860Z200US49920","ZCTA5 49920","3201","155","17","16","133","41","182","41","312","64","424","108","562","81","259","58","347","59","246","51","719","103",
"860Z200US49921","ZCTA5 49921","204","108","0","11","0","11","47","54","33","37","15","26","0","11","67","80","0","11","0","11","42","36",
"860Z200US49922","ZCTA5 49922","404","57","0","11","14","16","37","20","25","19","56","31","50","22","41","23","22","17","6","7","153","46",
"860Z200US49925","ZCTA5 49925","560","70","1","3","25","18","50","26","57","27","40","19","105","31","74","32","17","13","56","24","135","44",
"860Z200US49927","ZCTA5 49927","199","41","0","11","0","11","12","11","17","10","29","22","3","5","16","15","31","17","15","10","76","32",
"860Z200US49929","ZCTA5 49929","121","37","0","11","0","11","0","11","17","15","6","6","7","6","8","13","6","7","15","11","62","33",
"860Z200US49930","ZCTA5 49930","3347","197","0","15","174","59","307","70","326","80","201","60","427","113","316","115","228","76","211","79","1157","163",
"860Z200US49931","ZCTA5 49931","3513","253","16","25","399","140","332","100","324","107","444","145","660","137","395","167","101","52","67","46","775","215",
"860Z200US49934","ZCTA5 49934","472","94","0","11","27","35","3","4","0","11","11","19","7","7","41","26","64","51","48","38","271","64",
"860Z200US49935","ZCTA5 49935","4559","139","0","15","133","44","267","61","443","85","630","114","470","95","327","75","710","137","377","93","1202","147",
"860Z200US49938","ZCTA5 49938","4708","179","0","15","13","13","187","60","256","94","228","85","470","139","394","136","380","120","531","126","2249","214",
"860Z200US49942","ZCTA5 49942","57","49","0","11","30","42","0","11","0","11","0","11","0","11","0","11","0","11","0","11","27","26",
"860Z200US49945","ZCTA5 49945","2283","165","0","11","93","53","250","87","224","72","176","60","312","98","112","51","240","70","125","42","751","106",
"860Z200US49946","ZCTA5 49946","2224","101","6","7","33","23","269","64","254","63","279","56","379","83","258","60","186","55","142","56","418","78",
"860Z200US49947","ZCTA5 49947","864","97","4","6","9","11","83","34","133","40","127","43","178","63","73","33","60","33","41","24","156","54",
"860Z200US49948","ZCTA5 49948","496","64","0","11","3","4","36","16","22","14","45","22","32","17","35","20","77","30","31","15","215","46",
"860Z200US49950","ZCTA5 49950","1237","73","2","3","24","13","198","51","165","34","74","27","131","37","142","37","126","36","73","26","302","43",
"860Z200US49952","ZCTA5 49952","189","43","0","11","7","8","34","20","19","16","22","15","25","18","10","12","8","10","25","16","39","22",
"860Z200US49953","ZCTA5 49953","1879","116","0","11","13","7","119","56","128","52","194","65","332","101","138","41","244","66","167","44","544","100",
"860Z200US49955","ZCTA5 49955","175","56","0","11","0","11","5","7","3","5","0","11","12","21","0","11","0","11","0","11","155","49",
"860Z200US49958","ZCTA5 49958","819","147","0","11","18","17","94","58","111","63","39","23","56","29","49","39","130","77","38","26","284","86",
"860Z200US49959","ZCTA5 49959","242","59","0","11","0","11","0","11","2","4","0","11","13","11","0","11","34","25","14","10","179","53",
"860Z200US49960","ZCTA5 49960","163","40","0","11","0","11","7","8","0","11","13","10","18","13","2","3","0","11","8","9","115","36",
"860Z200US49961","ZCTA5 49961","229","69","0","11","2","3","9","13","12","10","22","19","36","21","9","9","21","12","12","11","106","67",
"860Z200US49962","ZCTA5 49962","402","59","0","11","17","14","54","26","57","27","42","25","96","36","34","21","9","12","24","18","69","27",
"860Z200US49963","ZCTA5 49963","312","71","0","11","5","7","39","26","27","13","6","8","43","20","9","11","13","11","12","10","158","50",
"860Z200US49965","ZCTA5 49965","588","95","5","6","10","9","82","31","62","51","53","24","86","39","55","24","81","35","44","18","110","37",
"860Z200US49967","ZCTA5 49967","590","66","0","11","34","21","80","32","68","23","63","27","76","27","52","29","66","25","16","10","135","31",
"860Z200US49968","ZCTA5 49968","1394","108","0","11","50","36","58","28","60","27","72","29","157","56","69","30","224","76","203","59","501","101",
"860Z200US49969","ZCTA5 49969","1528","127","0","11","61","41","177","58","301","67","213","62","295","68","190","58","80","40","35","23","176","63",
"860Z200US49970","ZCTA5 49970","264","70","2","4","6","9","18","13","15","11","9","9","47","37","56","37","24","20","9","11","78","39",
"860Z200US49971","ZCTA5 49971","324","50","0","11","8","12","0","11","1","3","9","11","48","23","86","32","153","41","13","14","6","5",
"860Z200US54540","ZCTA5 54540","1491","136","0","13","95","46","218","61","221","55","122","50","264","66","156","59","179","63","88","37","148","64",
