"GEO_ID","NAME","B09001_001E","B09001_001M","B09001_002E","B09001_002M","B09001_003E","B09001_003M","B09001_004E","B09001_004M","B09001_005E","B09001_005M","B09001_006E","B09001_006M","B09001_007E","B09001_007M","B09001_008E","B09001_008M","B09001_009E","B09001_009M","B09001_010E","B09001_010M",
"Geography","Geographic Area Name","Estimate!!Total:","Margin of Error!!Total:","Estimate!!Total:!!In households:","Margin of Error!!Total:!!In households:","Estimate!!Total:!!In households:!!Under 3 years","Margin of Error!!Total:!!In households:!!Under 3 years","Estimate!!Total:!!In households:!!3 and 4 years","Margin of Error!!Total:!!In households:!!3 and 4 years","Estimate!!Total:!!In households:!!5 years","Margin of Error!!Total:!!In households:!!5 years","Estimate!!Total:!!In households:!!6 to 8 years","Margin of Error!!Total:!!In households:!!6 to 8 years","Estimate!!Total:!!In households:!!9 to 11 years","Margin of Error!!Total:!!In households:!!9 to 11 years","Estimate!!Total:!!In households:!!12 to 14 years","Margin of Error!!Total:!!In households:!!12 to 14 years","Estimate!!Total:!!In households:!!15 to 17 years","Margin of Error!!Total:!!In households:!!15 to 17 years","Estimate!!Total:!!In group quarters","Margin of Error!!Total:!!In group quarters",
"860Z200US48001","ZCTA5 48001","1854","249","1854","249","280","91","400","186","171","84","288","87","144","73","343","153","228","95","0","17",
"860Z200US48002","ZCTA5 48002","559","129","559","129","75","41","36","30","28","23","34","22","113","65","48","36","225","102","0","11",
"860Z200US48003","ZCTA5 48003","1288","199","1288","199","94","45","71","40","75","42","232","65","268","107","281","93","267","81","0","15",
"860Z200US48005","ZCTA5 48005","1181","189","1181","189","115","82","61","33","25","33","115","58","386","305","225","88","254","92","0","15",
"860Z200US48006","ZCTA5 48006","930","191","930","191","144","46","61","36","38","23","122","44","165","96","255","111","145","45","0","11",
"860Z200US48009","ZCTA5 48009","5664","583","5664","583","680","159","818","185","221","96","822","186","1033","234","982","308","1108","293","0","20",
"860Z200US48014","ZCTA5 48014","995","193","995","193","261","185","37","26","24","17","115","46","157","58","193","83","208","71","0","11",
"860Z200US48015","ZCTA5 48015","1911","415","1911","415","97","69","228","158","59","55","470","183","322","162","408","204","327","145","0","15",
"860Z200US48017","ZCTA5 48017","1817","239","1816","239","237","97","126","60","93","60","396","167","320","128","324","133","320","100","1","3",
"860Z200US48021","ZCTA5 48021","7836","691","7836","691","1197","382","814","231","485","218","1167","297","1355","328","1159","345","1659","372","0","23",
"860Z200US48022","ZCTA5 48022","372","53","372","53","41","29","33","28","27","27","42","28","43","28","99","43","87","42","0","11",
"860Z200US48023","ZCTA5 48023","993","184","993","184","110","96","144","57","39","31","185","116","234","117","84","49","197","73","0","11",
"860Z200US48025","ZCTA5 48025","3389","235","3389","235","426","107","448","126","170","62","631","139","554","153","631","189","529","121","0","17",
"860Z200US48026","ZCTA5 48026","2809","280","2809","280","644","266","242","88","54","39","330","154","403","138","662","185","474","134","0","17",
"860Z200US48027","ZCTA5 48027","725","122","725","122","101","59","45","29","18","19","181","69","139","48","67","51","174","75","0","11",
"860Z200US48028","ZCTA5 48028","27","26","27","26","5","8","16","23","0","11","0","11","0","11","6","9","0","11","0","11",
"860Z200US48030","ZCTA5 48030","2648","347","2648","347","199","104","301","134","151","87","428","133","555","153","607","220","407","122","0","17",
"860Z200US48032","ZCTA5 48032","335","69","335","69","29","30","33","13","12","10","65","25","63","26","64","29","69","33","0","11",
"860Z200US48033","ZCTA5 48033","3161","659","3161","659","555","205","615","292","151","139","348","175","602","223","490","255","400","250","0","17",
"860Z200US48034","ZCTA5 48034","2119","449","2119","449","387","242","152","109","23","28","437","230","460","208","273","129","387","182","0","17",
"860Z200US48035","ZCTA5 48035","6776","769","6770","768","908","313","629","242","270","126","1436","441","1248","270","1219","250","1060","266","6","12",
"860Z200US48036","ZCTA5 48036","4437","510","4414","507","882","255","312","115","383","212","700","193","805","213","440","147","892","265","23","28",
"860Z200US48038","ZCTA5 48038","7653","1038","7653","1038","1152","375","952","281","255","127","1144","353","1524","358","1167","280","1459","284","0","23",
"860Z200US48039","ZCTA5 48039","1441","217","1441","217","192","103","126","63","0","15","147","56","385","134","212","68","379","162","0","15",
"860Z200US48040","ZCTA5 48040","2297","245","2295","245","363","192","105","51","161","131","269","86","359","110","572","137","466","101","2","2",
"860Z200US48041","ZCTA5 48041","976","123","976","123","161","72","88","55","43","37","219","70","119","63","172","72","174","99","0","11",
"860Z200US48042","ZCTA5 48042","7962","669","7962","669","769","279","771","260","271","146","1348","332","1554","359","1715","454","1534","319","0","23",
"860Z200US48043","ZCTA5 48043","2427","379","2391","371","388","123","218","107","162","89","376","156","313","112","495","130","439","161","36","32",
"860Z200US48044","ZCTA5 48044","15269","966","15269","966","1730","423","1336","213","610","241","2466","372","2797","437","2958","532","3372","587","0","26",
"860Z200US48045","ZCTA5 48045","4248","590","4248","590","574","161","444","152","113","52","646","192","710","210","795","237","966","363","0","20",
"860Z200US48047","ZCTA5 48047","8149","637","8149","637","1235","268","773","202","541","163","1141","247","1274","264","1659","397","1526","275","0","23",
"860Z200US48048","ZCTA5 48048","3129","484","3129","484","415","185","363","146","129","88","543","211","450","279","781","379","448","180","0","17",
"860Z200US48049","ZCTA5 48049","1019","153","1019","153","93","58","100","63","46","43","156","87","243","85","141","74","240","96","0","15",
"860Z200US48050","ZCTA5 48050","174","103","174","103","8","13","15","27","18","27","18","26","47","37","54","35","14","17","0","11",
"860Z200US48051","ZCTA5 48051","4232","597","4230","597","1013","426","327","119","181","93","503","146","646","196","920","303","640","185","2","5",
"860Z200US48054","ZCTA5 48054","1206","237","1206","237","42","29","99","48","48","36","199","110","269","103","308","102","241","78","0","15",
"860Z200US48059","ZCTA5 48059","2959","269","2959","269","367","129","328","113","71","44","480","163","585","165","563","189","565","166","0","17",
"860Z200US48060","ZCTA5 48060","8626","469","8619","469","1320","238","849","158","468","164","1240","204","1369","190","1663","293","1710","237","7","4",
"860Z200US48062","ZCTA5 48062","2045","317","2045","317","502","175","237","133","153","99","304","139","288","139","327","147","234","107","0","15",
"860Z200US48063","ZCTA5 48063","1063","174","1063","174","86","56","148","95","59","68","252","91","199","82","204","87","115","58","0","11",
"860Z200US48064","ZCTA5 48064","1024","113","1024","113","250","117","42","27","67","39","93","47","148","69","241","93","183","64","0","11",
"860Z200US48065","ZCTA5 48065","2398","324","2396","324","351","130","211","85","185","84","371","127","384","143","355","124","539","162","2","8",
"860Z200US48066","ZCTA5 48066","9365","570","9358","570","1346","240","898","186","519","158","1691","225","1518","261","1788","301","1598","314","7","13",
"860Z200US48067","ZCTA5 48067","3213","328","3213","328","792","193","379","118","253","85","445","104","590","161","359","104","395","110","0","20",
"860Z200US48069","ZCTA5 48069","485","65","485","65","103","35","102","45","19","14","78","35","49","28","66","26","68","29","0","11",
"860Z200US48070","ZCTA5 48070","1471","156","1471","156","201","72","160","49","79","38","319","84","245","74","177","79","290","79","0","15",
"860Z200US48071","ZCTA5 48071","4297","449","4297","449","840","258","354","130","276","126","480","153","801","216","898","287","648","197","0","20",
"860Z200US48072","ZCTA5 48072","2948","191","2948","191","643","147","396","116","135","62","311","74","446","102","506","131","511","147","0","17",
"860Z200US48073","ZCTA5 48073","5373","688","5356","688","1332","471","430","129","500","276","768","157","815","270","606","175","905","218","17","7",
"860Z200US48074","ZCTA5 48074","2046","199","2046","199","367","184","143","85","143","79","321","109","275","89","470","174","327","112","0","15",
"860Z200US48075","ZCTA5 48075","5062","730","5062","730","855","283","805","222","192","104","655","179","982","219","618","196","955","287","0","20",
"860Z200US48076","ZCTA5 48076","4384","570","4384","570","626","238","351","137","413","189","631","194","702","196","496","132","1165","318","0","20",
"860Z200US48079","ZCTA5 48079","2606","295","2606","295","187","68","270","144","131","63","399","137","496","180","603","170","520","102","0","17",
"860Z200US48080","ZCTA5 48080","3175","417","3175","417","751","198","361","108","182","94","418","160","338","112","658","202","467","138","0","20",
"860Z200US48081","ZCTA5 48081","3611","433","3611","433","826","253","410","121","225","104","711","175","547","264","482","126","410","129","0","20",
"860Z200US48082","ZCTA5 48082","3155","399","3155","399","533","176","265","68","233","128","509","136","524","148","500","107","591","155","0","17",
"860Z200US48083","ZCTA5 48083","3895","485","3895","485","481","136","418","107","220","92","509","127","615","182","698","139","954","299","0","20",
"860Z200US48084","ZCTA5 48084","3337","405","3337","405","485","136","274","96","212","104","517","158","507","134","622","152","720","224","0","17",
"860Z200US48085","ZCTA5 48085","6391","588","6391","588","591","157","794","198","393","181","1144","304","947","222","1163","217","1359","295","0","20",
"860Z200US48088","ZCTA5 48088","4933","667","4933","667","725","168","531","150","265","91","693","176","750","239","1000","322","969","311","0","20",
"860Z200US48089","ZCTA5 48089","7636","942","7636","942","1507","353","1036","299","500","159","1162","237","1497","458","893","336","1041","231","0","23",
"860Z200US48091","ZCTA5 48091","7586","1199","7586","1199","1136","372","1089","390","457","288","1140","294","1131","407","1440","311","1193","294","0","23",
"860Z200US48092","ZCTA5 48092","5656","488","5656","488","817","204","613","228","158","91","1073","311","1022","230","1158","251","815","164","0","20",
"860Z200US48093","ZCTA5 48093","4819","594","4818","594","923","353","659","182","140","87","811","252","654","197","820","198","811","223","1","3",
"860Z200US48094","ZCTA5 48094","4504","496","4500","496","639","230","436","148","253","124","893","203","596","180","751","298","932","177","4","7",
"860Z200US48095","ZCTA5 48095","1450","339","1450","339","125","85","114","75","26","29","238","102","222","87","252","91","473","330","0","15",
"860Z200US48096","ZCTA5 48096","631","131","631","131","101","48","81","47","80","53","47","29","101","52","155","68","66","45","0","11",
"860Z200US48097","ZCTA5 48097","1129","154","1129","154","233","60","144","58","52","27","178","52","144","51","188","54","190","56","0","15",
"860Z200US48098","ZCTA5 48098","4661","472","4661","472","491","170","518","292","207","84","697","137","683","126","1034","172","1031","167","0","20",
"860Z200US48101","ZCTA5 48101","5645","468","5645","468","727","192","484","133","353","138","633","177","958","257","1231","312","1259","296","0","20",
"860Z200US48103","ZCTA5 48103","10698","612","10677","607","1621","259","1134","203","362","110","1529","231","2040","304","2092","293","1899","240","21","30",
"860Z200US48104","ZCTA5 48104","3402","336","3345","305","323","122","429","144","212","94","594","164","728","180","555","165","504","145","57","86",
"860Z200US48105","ZCTA5 48105","5979","514","5961","512","1001","221","621","139","283","127","866","208","927","184","1260","257","1003","228","18","29",
"860Z200US48108","ZCTA5 48108","5481","690","5440","673","917","187","847","234","382","171","823","210","683","196","959","219","829","202","41","91",
"860Z200US48109","ZCTA5 48109","71","56","0","15","0","15","0","15","0","15","0","15","0","15","0","15","0","15","71","56",
"860Z200US48111","ZCTA5 48111","8380","743","8375","743","1428","389","831","212","491","168","1454","463","954","223","1644","340","1573","283","5","5",
"860Z200US48114","ZCTA5 48114","4500","361","4500","361","620","127","407","118","172","67","769","187","869","154","838","138","825","152","0","20",
"860Z200US48116","ZCTA5 48116","5477","449","5477","449","838","163","518","105","380","144","930","199","759","164","1019","200","1033","209","0","20",
"860Z200US48117","ZCTA5 48117","2137","342","2137","342","199","90","76","38","150","86","299","118","394","133","656","281","363","103","0","17",
"860Z200US48118","ZCTA5 48118","2638","314","2604","312","330","113","336","126","102","52","402","119","515","114","351","89","568","146","34","20",
"860Z200US48120","ZCTA5 48120","2786","642","2786","642","507","180","221","123","157","103","526","209","407","198","513","207","455","195","0","15",
"860Z200US48122","ZCTA5 48122","3921","779","3921","779","806","275","367","193","219","173","497","260","663","217","766","257","603","226","0","17",
"860Z200US48124","ZCTA5 48124","8128","843","8128","843","1387","392","1019","301","453","124","1256","248","1318","241","1394","258","1301","300","0","23",
"860Z200US48125","ZCTA5 48125","5315","800","5315","800","732","239","627","235","449","270","909","239","559","154","1091","386","948","325","0","20",
"860Z200US48126","ZCTA5 48126","17074","1333","17073","1333","2150","385","1532","299","706","186","2678","405","3076","419","3473","619","3458","545","1","3",
"860Z200US48127","ZCTA5 48127","10231","886","10222","884","1748","422","1067","298","783","273","1822","322","1505","326","1453","265","1844","385","9","12",
"860Z200US48128","ZCTA5 48128","3166","403","3166","403","631","274","296","122","115","70","502","144","437","129","598","164","587","145","0","17",
"860Z200US48130","ZCTA5 48130","4240","435","4240","435","342","90","342","110","199","93","707","169","894","226","637","139","1119","228","0","17",
"860Z200US48131","ZCTA5 48131","1776","348","1772","346","138","100","160","98","15","24","380","160","379","146","236","119","464","231","4","4",
"860Z200US48133","ZCTA5 48133","1804","498","1803","498","146","80","72","42","189","155","350","165","277","131","560","206","209","88","1","2",
"860Z200US48134","ZCTA5 48134","5923","749","5923","749","722","277","562","198","353","156","1141","292","1082","296","993","245","1070","573","0","20",
"860Z200US48135","ZCTA5 48135","5509","387","5509","387","1135","242","783","172","424","129","875","215","950","180","754","163","588","166","0","20",
"860Z200US48137","ZCTA5 48137","557","164","556","164","77","45","128","77","66","48","68","43","55","39","31","24","131","69","1","5",
"860Z200US48138","ZCTA5 48138","2039","253","2039","253","306","205","245","84","157","78","349","106","395","148","244","87","343","85","0","17",
"860Z200US48139","ZCTA5 48139","0","11","0","11","0","11","0","11","0","11","0","11","0","11","0","11","0","11","0","11",
"860Z200US48140","ZCTA5 48140","843","235","843","235","91","66","64","52","40","35","131","69","202","95","127","79","188","130","0","11",
"860Z200US48141","ZCTA5 48141","7015","596","7010","596","1003","265","853","193","315","166","1533","274","1157","418","1148","347","1001","314","5","3",
"860Z200US48143","ZCTA5 48143","20","31","20","31","0","11","0","11","0","11","0","11","11","17","9","15","0","11","0","11",
"860Z200US48144","ZCTA5 48144","2130","344","2130","344","292","129","153","106","75","75","367","179","288","108","617","234","338","119","0","17",
"860Z200US48145","ZCTA5 48145","582","156","582","156","73","47","62","47","0","11","46","34","151","75","159","70","91","51","0","11",
"860Z200US48146","ZCTA5 48146","10110","808","10110","808","1479","308","1510","374","621","189","1427","219","1942","342","1618","306","1513","288","0","23",
"860Z200US48150","ZCTA5 48150","5273","440","5273","440","1176","227","477","109","138","62","879","194","867","223","860","254","876","199","0","20",
"860Z200US48152","ZCTA5 48152","5462","415","5458","414","831","170","581","127","230","94","800","155","767","160","1171","222","1078","198","4","8",
"860Z200US48154","ZCTA5 48154","7083","601","7082","601","959","190","868","218","406","126","1073","230","1138","293","1314","252","1324","224","1","2",
"860Z200US48157","ZCTA5 48157","240","95","240","95","37","33","17","14","0","11","25","20","56","32","55","31","50","37","0","11",
"860Z200US48158","ZCTA5 48158","1407","168","1406","168","186","64","159","67","85","42","179","74","192","71","300","110","305","95","1","3",
"860Z200US48159","ZCTA5 48159","556","162","556","162","148","75","33","34","18","18","76","41","60","35","124","68","97","51","0","11",
"860Z200US48160","ZCTA5 48160","2742","323","2742","323","400","126","193","83","94","58","390","100","531","120","606","160","528","146","0","17",
"860Z200US48161","ZCTA5 48161","4937","388","4909","384","801","180","632","154","289","123","934","214","681","143","721","181","851","224","28","34",
"860Z200US48162","ZCTA5 48162","5547","469","5544","468","785","195","843","219","347","135","791","205","1039","251","902","221","837","206","3","15",
"860Z200US48164","ZCTA5 48164","1836","394","1836","394","210","144","143","104","176","138","221","106","190","90","392","153","504","165","0","15",
"860Z200US48165","ZCTA5 48165","2377","547","2377","547","434","215","349","150","144","111","548","375","372","165","248","86","282","105","0","15",
"860Z200US48166","ZCTA5 48166","3356","439","3356","439","648","208","250","152","258","135","531","145","519","238","555","178","595","237","0","17",
"860Z200US48167","ZCTA5 48167","4562","574","4562","574","665","163","508","153","309","134","539","186","771","220","861","239","909","223","0","20",
"860Z200US48168","ZCTA5 48168","6049","642","6049","642","448","177","583","182","128","85","1228","425","1172","365","1436","348","1054","221","0","20",
"860Z200US48169","ZCTA5 48169","4164","465","4164","465","390","142","386","93","245","92","643","173","486","113","814","157","1200","267","0","20",
"860Z200US48170","ZCTA5 48170","8555","558","8555","558","1502","314","773","167","389","126","1211","238","1449","278","1512","249","1719","357","0","23",
"860Z200US48173","ZCTA5 48173","2931","350","2931","350","403","174","320","147","131","77","461","132","478","182","608","168","530","148","0","17",
"860Z200US48174","ZCTA5 48174","8240","697","8237","696","1020","303","847","336","381","232","1390","345","1469","377","1455","438","1675","341","3","4",
"860Z200US48176","ZCTA5 48176","5112","492","5112","492","650","160","599","204","190","82","910","180","908","172","979","195","876","189","0","20",
"860Z200US48177","ZCTA5 48177","168","132","168","132","0","11","6","11","13","21","30","45","52","55","27","31","40","48","0","11",
"860Z200US48178","ZCTA5 48178","8916","639","8916","639","888","241","833","197","492","152","1634","256","1593","239","1764","329","1712","298","0","23",
"860Z200US48179","ZCTA5 48179","663","260","663","260","45","30","13","12","100","105","140","87","76","54","158","111","131","61","0","11",
"860Z200US48180","ZCTA5 48180","13775","744","13762","741","2533","602","1803","289","636","184","2259","316","2493","374","1784","309","2254","382","13","25",
"860Z200US48182","ZCTA5 48182","4349","588","4349","588","766","217","470","156","135","68","639","215","505","152","748","270","1086","266","0","20",
"860Z200US48183","ZCTA5 48183","8234","747","8234","747","1396","323","577","180","308","99","1219","221","1498","337","1514","375","1722","359","0","23",
"860Z200US48184","ZCTA5 48184","4059","459","4057","459","384","130","471","146","430","233","590","152","892","258","744","222","546","159","2","6",
"860Z200US48185","ZCTA5 48185","9024","887","9024","887","1546","368","1090","315","627","211","1333","433","1461","290","1701","462","1266","297","0","23",
"860Z200US48186","ZCTA5 48186","8233","987","8233","987","1410","330","1131","294","524","170","1223","348","1397","303","1420","261","1128","186","0","23",
"860Z200US48187","ZCTA5 48187","12338","731","12338","731","1867","299","1473","225","550","145","1541","202","1984","303","2264","481","2659","381","0","26",
"860Z200US48188","ZCTA5 48188","10751","741","10751","741","1841","413","888","175","505","170","1712","362","1876","398","2240","413","1689","251","0","23",
"860Z200US48189","ZCTA5 48189","2392","310","2392","310","452","152","304","105","107","66","365","107","371","114","250","114","543","165","0","17",
"860Z200US48190","ZCTA5 48190","0","11","0","11","0","11","0","11","0","11","0","11","0","11","0","11","0","11","0","11",
"860Z200US48191","ZCTA5 48191","761","243","761","243","107","104","9","15","38","27","27","21","147","102","228","125","205","85","0","11",
"860Z200US48192","ZCTA5 48192","4657","379","4657","379","746","212","512","153","280","127","573","153","876","203","863","208","807","195","0","20",
"860Z200US48193","ZCTA5 48193","3963","456","3963","456","682","253","353","131","214","128","681","236","403","153","683","188","947","289","0","17",
"860Z200US48195","ZCTA5 48195","6097","475","6097","475","867","324","686","203","359","176","908","166","1181","268","1235","265","861","234","0","20",
"860Z200US48197","ZCTA5 48197","13062","883","13024","880","1960","296","1696","280","747","183","1968","331","2417","376","2167","270","2069","317","38","34",
"860Z200US48198","ZCTA5 48198","9068","625","9060","624","1217","211","930","211","454","144","1798","336","1483","235","1454","334","1724","306","8","16",
"860Z200US48201","ZCTA5 48201","2061","470","2011","469","341","148","295","138","152","90","324","140","299","194","297","158","303","120","50","34",
"860Z200US48202","ZCTA5 48202","1729","287","1680","280","314","132","169","71","175","68","345","117","267","153","182","79","228","98","49","46",
"860Z200US48203","ZCTA5 48203","4513","626","4415","627","609","235","541","178","250","101","627","190","720","176","975","305","693","144","98","23",
"860Z200US48204","ZCTA5 48204","4469","851","4464","851","1063","313","389","158","232","110","726","214","796","312","532","189","726","205","5","10",
"860Z200US48205","ZCTA5 48205","8085","1091","8067","1091","1099","321","1006","376","470","189","1212","295","1630","314","1403","352","1247","283","18","11",
"860Z200US48206","ZCTA5 48206","3510","660","3501","660","541","194","329","122","200","95","482","195","547","262","946","413","456","123","9","4",
"860Z200US48207","ZCTA5 48207","2834","639","2801","632","797","281","362","196","154","127","423","162","373","128","294","133","398","129","33","52",
"860Z200US48208","ZCTA5 48208","1282","456","1262","459","221","184","198","119","87","63","157","103","227","125","252","207","120","64","20","32",
"860Z200US48209","ZCTA5 48209","8940","1150","8932","1147","1159","271","831","225","349","160","1630","293","1770","484","1764","607","1429","372","8","20",
"860Z200US48210","ZCTA5 48210","9043","1005","9036","1005","1133","264","842","189","406","144","1367","256","1601","374","1909","399","1778","314","7","9",
"860Z200US48211","ZCTA5 48211","1521","419","1521","419","215","116","98","68","49","46","279","98","316","159","284","130","280","140","0","15",
"860Z200US48212","ZCTA5 48212","13601","855","13600","855","2213","302","1392","231","890","247","1973","299","1947","303","2534","487","2651","409","1","3",
"860Z200US48213","ZCTA5 48213","4886","652","4872","652","738","263","748","239","335","146","936","259","623","230","657","248","835","234","14","17",
"860Z200US48214","ZCTA5 48214","2823","460","2823","460","606","190","360","161","106","62","316","132","506","147","379","152","550","270","0","17",
"860Z200US48215","ZCTA5 48215","2868","617","2839","618","256","111","254","125","108","73","837","243","527","164","384","196","473","231","29","7",
"860Z200US48216","ZCTA5 48216","1399","472","1379","468","187","95","212","153","73","64","170","72","327","285","198","92","212","88","20","32",
"860Z200US48217","ZCTA5 48217","1406","576","1405","575","246","186","274","257","0","15","133","95","287","221","304","131","161","134","1","4",
"860Z200US48218","ZCTA5 48218","1482","295","1482","295","276","199","99","75","184","111","215","85","165","82","396","164","147","80","0","15",
"860Z200US48219","ZCTA5 48219","11326","1223","11325","1223","1987","559","1224","338","709","354","1740","408","1946","443","2141","451","1578","400","1","5",
"860Z200US48220","ZCTA5 48220","2845","334","2845","334","888","329","281","92","136","82","351","133","406","122","464","144","319","122","0","20",
"860Z200US48221","ZCTA5 48221","10172","973","10132","977","1262","357","954","341","378","188","1612","392","1809","447","2040","409","2077","414","40","73",
"860Z200US48223","ZCTA5 48223","6384","861","6384","861","1087","276","575","237","377","137","787","239","1491","348","1055","328","1012","246","0","20",
"860Z200US48224","ZCTA5 48224","11827","1698","11827","1698","2301","453","1488","389","345","160","1851","519","2007","520","1958","573","1877","413","0","23",
"860Z200US48225","ZCTA5 48225","4388","789","4386","788","542","220","390","194","121","78","931","345","753","251","989","336","660","171","2","4",
"860Z200US48226","ZCTA5 48226","127","88","91","76","48","35","42","66","0","15","1","2","0","15","0","15","0","15","36","42",
"860Z200US48227","ZCTA5 48227","9693","1064","9693","1064","1313","369","1421","447","519","171","1573","340","1644","353","1744","407","1479","310","0","23",
"860Z200US48228","ZCTA5 48228","15907","1805","15852","1799","3052","709","2018","425","956","301","2859","495","2355","433","2503","508","2109","469","55","33",
"860Z200US48229","ZCTA5 48229","2393","549","2393","549","397","268","392","240","126","82","387","219","453","174","352","142","286","143","0","15",
"860Z200US48230","ZCTA5 48230","4169","315","4169","315","515","126","464","150","276","125","864","232","637","163","696","168","717","184","0","17",
"860Z200US48233","ZCTA5 48233","0","11","0","11","0","11","0","11","0","11","0","11","0","11","0","11","0","11","0","11",
"860Z200US48234","ZCTA5 48234","8305","1095","8288","1090","1226","395","795","267","515","191","1417","413","1203","301","1516","328","1616","355","17","28",
"860Z200US48235","ZCTA5 48235","12435","1339","12435","1339","1900","438","1277","381","851","304","1962","429","2046","390","2554","598","1845","430","0","23",
"860Z200US48236","ZCTA5 48236","7171","679","7170","679","1038","223","1169","441","659","211","1097","219","1185","270","951","189","1071","189","1","3",
"860Z200US48237","ZCTA5 48237","5541","711","5541","711","888","238","451","225","277","194","975","244","924","208","1139","261","887","311","0","20",
"860Z200US48238","ZCTA5 48238","6608","1010","6608","1010","965","301","930","273","439","187","712","225","1243","352","1255","375","1064","363","0","20",
"860Z200US48239","ZCTA5 48239","8444","829","8444","829","1284","353","644","214","517","220","1219","248","1093","375","1343","260","2344","483","0","23",
"860Z200US48240","ZCTA5 48240","3630","679","3599","679","505","201","248","150","289","171","562","246","659","244","655","321","681","222","31","8",
"860Z200US48242","ZCTA5 48242","0","11","0","11","0","11","0","11","0","11","0","11","0","11","0","11","0","11","0","11",
"860Z200US48243","ZCTA5 48243","0","11","0","11","0","11","0","11","0","11","0","11","0","11","0","11","0","11","0","11",
"860Z200US48301","ZCTA5 48301","3404","500","3404","500","535","163","257","75","145","72","522","142","692","294","635","178","618","166","0","17",
"860Z200US48302","ZCTA5 48302","4171","498","4171","498","502","188","340","112","280","126","803","216","757","195","662","166","827","182","0","17",
"860Z200US48304","ZCTA5 48304","3635","399","3635","399","330","125","432","144","170","86","589","170","653","157","656","234","805","191","0","17",
"860Z200US48306","ZCTA5 48306","7061","505","7061","505","839","252","592","136","332","106","1219","237","1081","278","1508","223","1490","266","0","20",
"860Z200US48307","ZCTA5 48307","9229","800","9229","800","1539","265","775","186","600","172","1235","219","2036","508","1470","304","1574","270","0","23",
"860Z200US48309","ZCTA5 48309","6405","517","6360","515","854","184","557","132","266","85","928","168","1208","183","1329","262","1218","275","45","33",
"860Z200US48310","ZCTA5 48310","9427","933","9427","933","1072","292","932","227","230","82","1592","369","1638","330","1920","398","2043","346","0","23",
"860Z200US48312","ZCTA5 48312","7092","595","7092","595","1295","274","993","259","199","81","1199","254","797","168","1178","296","1431","232","0","23",
"860Z200US48313","ZCTA5 48313","6447","626","6447","626","1200","356","548","164","353","105","1114","236","991","228","1236","275","1005","184","0","23",
"860Z200US48314","ZCTA5 48314","3389","544","3387","544","402","200","433","177","265","124","568","200","481","203","571","169","667","231","2","7",
"860Z200US48315","ZCTA5 48315","5743","537","5739","537","490","232","416","134","279","104","947","202","1121","328","1144","249","1342","231","4","8",
"860Z200US48316","ZCTA5 48316","5645","615","5644","614","745","192","480","155","247","136","691","227","1208","364","1174","265","1099","245","1","4",
"860Z200US48317","ZCTA5 48317","5645","640","5643","641","1109","329","526","141","219","123","793","262","565","160","1426","442","1005","268","2","5",
"860Z200US48320","ZCTA5 48320","799","142","799","142","103","59","78","73","0","11","200","103","144","76","106","59","168","71","0","11",
"860Z200US48322","ZCTA5 48322","6729","637","6729","637","961","203","698","187","380","103","1442","263","1065","249","925","220","1258","250","0","23",
"860Z200US48323","ZCTA5 48323","4069","793","4069","793","651","198","354","117","162","84","715","341","629","294","818","238","740","184","0","17",
"860Z200US48324","ZCTA5 48324","2927","352","2927","352","384","109","343","136","129","66","424","161","512","138","527","149","608","135","0","17",
"860Z200US48326","ZCTA5 48326","3824","399","3824","399","672","253","382","172","172","122","460","170","600","155","867","241","671","232","0","20",
"860Z200US48327","ZCTA5 48327","3902","624","3902","624","779","237","558","225","127","60","598","181","605","195","589","146","646","241","0","20",
"860Z200US48328","ZCTA5 48328","4972","519","4853","519","653","150","641","185","128","64","691","175","683","167","996","322","1061","306","119","10",
"860Z200US48329","ZCTA5 48329","4439","551","4439","551","842","230","359","157","271","120","746","206","713","189","687","180","821","213","0","20",
"860Z200US48331","ZCTA5 48331","3736","409","3736","409","635","184","296","101","181","65","521","157","555","181","774","171","774","192","0","20",
"860Z200US48334","ZCTA5 48334","3821","483","3820","484","575","166","727","275","78","41","555","167","596","189","628","149","661","176","1","2",
"860Z200US48335","ZCTA5 48335","3996","515","3996","515","756","220","442","152","275","136","578","159","612","204","601","175","732","244","0","20",
"860Z200US48336","ZCTA5 48336","5009","608","4988","609","695","219","585","198","186","100","987","276","919","288","904","186","712","209","21","3",
"860Z200US48340","ZCTA5 48340","6151","828","6151","828","885","379","660","275","519","306","830","269","1071","288","1137","315","1049","306","0","20",
"860Z200US48341","ZCTA5 48341","4148","569","4133","566","752","225","589","204","328","141","731","183","495","154","600","189","638","258","15","27",
"860Z200US48342","ZCTA5 48342","4645","768","4645","768","992","374","576","215","347","157","648","237","390","201","1047","270","645","218","0","17",
"860Z200US48346","ZCTA5 48346","4696","531","4696","531","620","282","556","157","253","139","894","186","804","263","788","196","781","202","0","20",
"860Z200US48348","ZCTA5 48348","5769","545","5769","545","617","160","505","126","457","137","871","174","984","220","1090","184","1245","228","0","20",
"860Z200US48350","ZCTA5 48350","1822","482","1822","482","129","77","205","97","151","148","383","170","492","185","263","110","199","86","0","15",
"860Z200US48353","ZCTA5 48353","1103","230","1103","230","110","54","237","90","46","50","161","70","83","56","145","77","321","140","0","15",
"860Z200US48356","ZCTA5 48356","1632","224","1632","224","194","82","235","166","96","84","182","70","271","98","339","98","315","87","0","15",
"860Z200US48357","ZCTA5 48357","1906","304","1906","304","126","59","215","70","101","47","203","92","519","177","336","120","406","104","0","15",
"860Z200US48359","ZCTA5 48359","2414","365","2414","365","311","110","216","92","109","85","532","161","488","158","401","134","357","173","0","17",
"860Z200US48360","ZCTA5 48360","2793","314","2789","314","600","274","230","81","118","66","569","172","356","113","358","114","558","140","4","7",
"860Z200US48362","ZCTA5 48362","2658","268","2658","268","487","169","194","97","209","91","361","98","490","160","392","107","525","109","0","17",
"860Z200US48363","ZCTA5 48363","2065","387","2065","387","138","62","133","74","173","69","396","126","377","112","312","101","536","348","0","15",
"860Z200US48367","ZCTA5 48367","1071","172","1071","172","126","76","76","37","45","31","154","67","185","71","180","63","305","97","0","11",
"860Z200US48370","ZCTA5 48370","544","317","544","317","25","37","0","11","0","11","38","55","134","101","153","117","194","184","0","11",
"860Z200US48371","ZCTA5 48371","6373","481","6356","480","628","157","594","153","352","117","1178","298","1190","258","1041","192","1373","225","17","8",
"860Z200US48374","ZCTA5 48374","5242","578","5242","578","534","261","607","271","249","114","712","184","1086","285","923","212","1131","266","0","17",
"860Z200US48375","ZCTA5 48375","5492","681","5492","681","580","181","452","142","287","155","783","194","862","231","1099","278","1429","459","0","20",
"860Z200US48377","ZCTA5 48377","4211","501","4211","501","474","176","482","157","403","159","573","192","1058","242","879","431","342","118","0","17",
"860Z200US48380","ZCTA5 48380","1662","392","1662","392","186","159","168","136","51","40","215","76","271","94","313","83","458","129","0","15",
"860Z200US48381","ZCTA5 48381","3469","376","3469","376","366","137","441","191","123","72","516","145","774","220","601","165","648","232","0","17",
"860Z200US48382","ZCTA5 48382","5216","486","5216","486","705","223","377","110","258","95","1287","357","841","182","776","158","972","193","0","20",
"860Z200US48383","ZCTA5 48383","2837","293","2837","293","421","132","337","121","218","103","611","160","328","131","379","123","543","168","0","17",
"860Z200US48386","ZCTA5 48386","3580","405","3580","405","497","151","346","108","92","55","483","139","539","142","931","324","692","179","0","17",
"860Z200US48390","ZCTA5 48390","4528","487","4528","487","534","160","497","149","140","84","675","195","847","202","872","234","963","209","0","20",
"860Z200US48393","ZCTA5 48393","3677","384","3677","384","815","229","598","210","194","83","318","97","447","159","624","153","681","155","0","20",
"860Z200US48401","ZCTA5 48401","207","77","207","77","37","25","14","11","2","3","31","22","38","24","26","18","59","38","0","11",
"860Z200US48410","ZCTA5 48410","22","20","22","20","0","11","6","7","0","11","4","5","0","11","3","5","9","10","0","11",
"860Z200US48411","ZCTA5 48411","0","11","0","11","0","11","0","11","0","11","0","11","0","11","0","11","0","11","0","11",
"860Z200US48412","ZCTA5 48412","1053","168","1053","168","196","107","61","46","50","38","190","78","102","55","255","102","199","82","0","15",
"860Z200US48413","ZCTA5 48413","1418","182","1418","182","178","71","142","48","32","11","275","79","252","72","246","67","293","76","0","15",
"860Z200US48414","ZCTA5 48414","728","175","728","175","88","43","32","27","22","16","58","40","67","32","204","108","257","86","0","11",
"860Z200US48415","ZCTA5 48415","1729","275","1729","275","243","86","233","92","20","21","246","91","177","70","314","144","496","166","0","15",
"860Z200US48416","ZCTA5 48416","1369","225","1369","225","216","52","160","49","78","33","234","78","175","52","245","61","261","76","0","15",
"860Z200US48417","ZCTA5 48417","420","144","420","144","56","44","50","34","28","24","68","54","78","36","54","35","86","63","0","11",
"860Z200US48418","ZCTA5 48418","955","314","955","314","160","96","175","110","8","11","166","107","198","116","107","46","141","65","0","11",
"860Z200US48419","ZCTA5 48419","533","126","533","126","63","38","38","17","20","14","70","22","116","52","144","59","82","24","0","11",
"860Z200US48420","ZCTA5 48420","4324","451","4324","451","643","170","396","132","313","127","481","142","774","161","918","320","799","201","0","20",
"860Z200US48421","ZCTA5 48421","1304","337","1304","337","197","101","72","45","26","26","116","56","211","76","436","313","246","85","0","15",
"860Z200US48422","ZCTA5 48422","1216","217","1216","217","156","68","78","40","43","30","190","126","218","84","120","68","411","118","0","15",
"860Z200US48423","ZCTA5 48423","7430","625","7430","625","1052","247","500","177","239","102","1212","315","1527","389","1342","207","1558","250","0","23",
"860Z200US48426","ZCTA5 48426","486","266","486","266","74","53","54","29","17","23","117","91","62","44","95","46","67","43","0","11",
"860Z200US48427","ZCTA5 48427","617","110","617","110","118","34","70","27","35","17","125","36","103","27","80","23","86","35","0","11",
"860Z200US48428","ZCTA5 48428","1185","241","1185","241","273","153","143","71","31","25","120","68","140","55","183","80","295","104","0","15",
"860Z200US48429","ZCTA5 48429","1400","222","1400","222","165","69","153","89","57","38","295","124","194","79","241","93","295","96","0","15",
"860Z200US48430","ZCTA5 48430","8487","661","8487","661","1140","372","629","203","576","250","1445","254","1485","326","1704","288","1508","306","0","23",
"860Z200US48432","ZCTA5 48432","91","32","91","32","18","18","7","6","11","7","25","25","9","8","15","9","6","5","0","11",
"860Z200US48433","ZCTA5 48433","5930","625","5930","625","593","170","628","285","142","90","1045","256","1262","367","959","253","1301","299","0","20",
"860Z200US48434","ZCTA5 48434","16","11","16","11","0","11","0","11","1","3","2","3","2","3","8","5","3","4","0","11",
"860Z200US48435","ZCTA5 48435","657","280","657","280","99","52","134","72","62","57","156","92","137","74","34","29","35","26","0","11",
"860Z200US48436","ZCTA5 48436","1112","194","1112","194","127","73","72","56","71","52","230","87","264","97","155","82","193","81","0","11",
"860Z200US48437","ZCTA5 48437","39","54","39","54","0","11","0","11","0","11","0","11","21","29","0","11","18","25","0","11",
"860Z200US48438","ZCTA5 48438","1627","307","1627","307","248","136","122","77","49","43","206","85","207","89","430","123","365","102","0","15",
"860Z200US48439","ZCTA5 48439","11242","867","11242","867","1504","308","1158","275","424","178","1602","316","2537","457","2248","546","1769","313","0","26",
"860Z200US48440","ZCTA5 48440","8","15","8","15","0","11","0","11","0","11","0","11","0","11","8","15","0","11","0","11",
"860Z200US48441","ZCTA5 48441","880","121","880","121","115","35","77","25","58","20","132","35","140","43","154","39","204","51","0","11",
"860Z200US48442","ZCTA5 48442","4501","399","4497","399","695","191","619","182","109","82","834","237","728","238","768","188","744","173","4","3",
"860Z200US48444","ZCTA5 48444","2188","214","2181","213","308","71","254","66","199","111","354","96","267","90","395","103","404","90","7","8",
"860Z200US48445","ZCTA5 48445","248","99","248","99","68","43","19","12","8","6","34","29","34","29","32","16","53","30","0","11",
"860Z200US48446","ZCTA5 48446","5983","373","5883","379","870","198","665","158","284","113","1083","188","990","184","927","206","1064","195","100","47",
"860Z200US48449","ZCTA5 48449","667","238","667","238","86","38","170","171","18","23","73","36","55","31","169","115","96","47","0","11",
"860Z200US48450","ZCTA5 48450","440","141","440","141","44","29","69","46","14","17","99","61","40","27","131","78","43","33","0","11",
"860Z200US48451","ZCTA5 48451","3625","448","3625","448","436","140","681","266","169","94","624","191","224","83","707","189","784","156","0","17",
"860Z200US48453","ZCTA5 48453","1054","144","1054","144","135","37","106","34","90","29","181","64","199","49","180","40","163","49","0","11",
"860Z200US48454","ZCTA5 48454","316","88","316","88","56","29","36","23","15","10","59","28","77","34","52","30","21","12","0","11",
"860Z200US48455","ZCTA5 48455","1395","345","1395","345","154","54","64","38","129","71","154","85","208","110","390","170","296","117","0","15",
"860Z200US48456","ZCTA5 48456","174","61","174","61","26","18","16","12","9","6","23","14","36","27","29","18","35","19","0","11",
"860Z200US48457","ZCTA5 48457","1801","276","1801","276","289","90","192","92","175","78","294","116","249","86","319","120","283","100","0","15",
"860Z200US48458","ZCTA5 48458","4404","507","4395","506","898","274","530","234","94","64","795","242","618","227","747","213","713","226","9","4",
"860Z200US48460","ZCTA5 48460","713","169","713","169","81","39","74","36","33","22","180","70","120","59","140","61","85","41","0","11",
"860Z200US48461","ZCTA5 48461","1517","261","1517","261","203","79","186","97","76","47","201","66","317","111","301","117","233","85","0","15",
"860Z200US48462","ZCTA5 48462","2441","428","2441","428","402","190","192","66","167","107","480","222","480","154","308","87","412","210","0","17",
"860Z200US48463","ZCTA5 48463","952","211","952","211","193","84","101","42","33","23","132","55","119","59","217","87","157","73","0","11",
"860Z200US48464","ZCTA5 48464","262","74","262","74","36","29","13","12","13","19","25","16","60","37","45","30","70","31","0","11",
"860Z200US48465","ZCTA5 48465","135","53","135","53","2","4","5","5","18","16","22","16","17","15","30","15","41","22","0","11",
"860Z200US48466","ZCTA5 48466","264","80","264","80","36","25","24","20","10","10","28","18","58","25","45","25","63","28","0","11",
"860Z200US48467","ZCTA5 48467","206","45","206","45","40","31","26","12","16","11","38","15","24","13","25","14","37","16","0","11",
"860Z200US48468","ZCTA5 48468","129","32","129","32","18","8","13","6","11","9","22","11","22","16","15","9","28","9","0","11",
"860Z200US48469","ZCTA5 48469","253","107","253","107","8","9","28","20","8","10","34","27","47","35","50","28","78","63","0","11",
"860Z200US48470","ZCTA5 48470","77","36","77","36","42","26","5","4","5","6","8","6","2","3","8","6","7","6","0","11",
"860Z200US48471","ZCTA5 48471","1101","166","1101","166","131","46","65","38","165","95","192","70","151","54","174","61","223","46","0","15",
"860Z200US48472","ZCTA5 48472","364","84","364","84","52","21","49","26","32","19","68","23","54","20","78","29","31","17","0","11",
"860Z200US48473","ZCTA5 48473","4366","467","4366","467","604","208","474","187","453","236","690","234","615","173","556","157","974","223","0","20",
"860Z200US48475","ZCTA5 48475","542","94","542","94","70","23","87","30","18","15","69","21","93","32","119","37","86","23","0","11",
"860Z200US48476","ZCTA5 48476","111","62","111","62","13","15","15","16","4","6","43","36","22","20","9","11","5","6","0","11",
"860Z200US48502","ZCTA5 48502","7","12","7","12","0","11","0","11","0","11","0","11","0","11","7","12","0","11","0","11",
"860Z200US48503","ZCTA5 48503","5159","617","5113","623","805","260","491","211","360","136","1057","250","966","299","492","148","942","298","46","46",
"860Z200US48504","ZCTA5 48504","6357","781","6323","785","952","226","664","188","253","128","1057","283","1327","287","1084","273","986","232","34","21",
"860Z200US48505","ZCTA5 48505","4762","714","4749","702","699","203","392","130","356","155","756","234","717","212","873","264","956","261","13","43",
"860Z200US48506","ZCTA5 48506","5817","706","5805","706","592","168","465","159","369","151","920","251","1040","239","1178","252","1241","268","12","25",
"860Z200US48507","ZCTA5 48507","6721","910","6721","910","1255","296","783","265","454","225","1073","334","980","247","1022","276","1154","386","0","20",
"860Z200US48509","ZCTA5 48509","1930","309","1930","309","224","102","269","125","77","67","479","148","343","129","278","133","260","93","0","15",
"860Z200US48519","ZCTA5 48519","1538","342","1538","342","366","131","191","138","14","24","258","135","208","116","220","146","281","128","0","15",
"860Z200US48529","ZCTA5 48529","1936","397","1936","397","297","146","352","220","85","78","278","126","398","142","229","135","297","182","0","15",
"860Z200US48532","ZCTA5 48532","4613","641","4608","642","733","305","520","222","463","251","726","296","604","197","693","267","869","263","5","13",
"860Z200US48601","ZCTA5 48601","8378","711","8361","711","1255","293","1203","281","599","278","1529","318","1077","256","1513","340","1185","214","17","4",
"860Z200US48602","ZCTA5 48602","6854","582","6854","582","1458","377","452","128","244","89","1190","199","1190","217","1134","214","1186","271","0","20",
"860Z200US48603","ZCTA5 48603","5515","504","5489","503","1020","321","583","214","191","133","876","235","796","193","1060","251","963","268","26","4",
"860Z200US48604","ZCTA5 48604","1334","295","1294","290","253","100","86","70","35","44","148","105","270","103","296","135","206","97","40","41",
"860Z200US48607","ZCTA5 48607","295","240","295","240","36","38","0","11","0","11","8","13","50","34","131","157","70","80","0","11",
"860Z200US48609","ZCTA5 48609","2188","263","2165","261","301","127","184","74","103","52","353","123","427","120","419","120","378","112","23","21",
"860Z200US48610","ZCTA5 48610","553","98","553","98","69","26","53","30","21","23","91","46","48","20","118","63","153","51","0","11",
"860Z200US48611","ZCTA5 48611","1146","324","1146","324","135","79","76","59","4","6","162","90","277","182","243","82","249","98","0","15",
"860Z200US48612","ZCTA5 48612","1661","180","1661","180","258","62","123","44","117","46","285","72","237","53","249","65","392","84","0","15",
"860Z200US48613","ZCTA5 48613","195","53","195","53","29","19","37","25","19","12","13","9","27","17","20","11","50","18","0","11",
"860Z200US48614","ZCTA5 48614","134","41","134","41","12","10","6","6","8","7","26","17","17","13","39","20","26","14","0","11",
"860Z200US48615","ZCTA5 48615","669","146","669","146","106","49","16","13","42","20","104","57","138","49","131","46","132","51","0","11",
"860Z200US48616","ZCTA5 48616","1466","180","1466","180","189","66","178","55","65","32","287","96","289","87","226","58","232","69","0","15",
"860Z200US48617","ZCTA5 48617","2601","323","2601","323","456","86","303","80","137","49","500","132","398","104","333","109","474","109","0","15",
"860Z200US48618","ZCTA5 48618","989","169","989","169","132","59","124","44","44","28","198","82","117","46","254","111","120","43","0","15",
"860Z200US48619","ZCTA5 48619","71","44","71","44","12","13","9","9","4","5","22","17","10","8","9","9","5","5","0","11",
"860Z200US48620","ZCTA5 48620","37","46","37","46","0","11","13","16","0","11","13","16","0","11","0","11","11","14","0","11",
"860Z200US48621","ZCTA5 48621","260","80","260","80","22","13","33","17","29","20","51","25","45","21","50","23","30","18","0","11",
"860Z200US48622","ZCTA5 48622","1092","181","1092","181","169","57","84","48","88","42","110","45","188","71","203","78","250","99","0","15",
"860Z200US48623","ZCTA5 48623","3385","356","3381","355","410","140","278","118","136","55","501","124","522","166","774","226","760","161","4","11",
"860Z200US48624","ZCTA5 48624","3165","214","3165","214","442","66","359","82","155","54","585","95","543","85","590","110","491","81","0","17",
"860Z200US48625","ZCTA5 48625","2186","243","2186","243","304","80","203","76","54","24","344","103","498","111","493","138","290","84","0","17",
"860Z200US48626","ZCTA5 48626","1185","109","1185","109","189","73","129","62","19","20","206","94","156","58","199","69","287","90","0","15",
"860Z200US48627","ZCTA5 48627","33","39","33","39","0","11","0","11","0","11","10","17","20","22","3","6","0","11","0","11",
"860Z200US48628","ZCTA5 48628","354","107","354","107","82","42","47","29","28","19","56","32","54","31","45","27","42","23","0","11",
"860Z200US48629","ZCTA5 48629","1031","184","1031","184","102","65","172","63","21","25","153","60","167","74","163","65","253","68","0","15",
"860Z200US48630","ZCTA5 48630","0","11","0","11","0","11","0","11","0","11","0","11","0","11","0","11","0","11","0","11",
"860Z200US48631","ZCTA5 48631","760","158","760","158","73","66","113","100","29","29","147","66","80","49","150","75","168","82","0","11",
"860Z200US48632","ZCTA5 48632","956","202","956","202","107","44","112","45","39","21","170","52","178","71","126","61","224","90","0","11",
"860Z200US48633","ZCTA5 48633","0","11","0","11","0","11","0","11","0","11","0","11","0","11","0","11","0","11","0","11",
"860Z200US48634","ZCTA5 48634","640","167","640","167","142","74","73","55","23","31","67","35","129","54","84","34","122","75","0","11",
"860Z200US48635","ZCTA5 48635","203","55","203","55","5","6","27","15","8","13","59","24","31","22","32","14","41","21","0","11",
"860Z200US48636","ZCTA5 48636","133","104","133","104","9","14","7","8","45","57","16","14","2","4","6","9","48","45","0","11",
"860Z200US48637","ZCTA5 48637","659","151","659","151","84","32","68","24","60","47","102","44","137","52","87","43","121","34","0","11",
"860Z200US48638","ZCTA5 48638","2626","407","2626","407","306","141","156","117","99","89","575","184","416","161","547","136","527","235","0","17",
"860Z200US48640","ZCTA5 48640","7081","521","7081","521","973","187","737","146","287","117","992","243","1295","253","1212","240","1585","179","0","23",
"860Z200US48642","ZCTA5 48642","7408","571","7401","571","1132","186","703","151","501","187","1271","287","1152","228","1341","209","1301","234","7","7",
"860Z200US48647","ZCTA5 48647","1027","144","1027","144","163","55","116","36","48","26","177","74","156","52","209","61","158","41","0","11",
"860Z200US48649","ZCTA5 48649","289","75","289","75","49","30","64","30","21","19","58","33","21","15","47","28","29","14","0","11",
"860Z200US48650","ZCTA5 48650","1381","232","1381","232","174","63","133","49","81","43","295","85","204","64","211","85","283","80","0","15",
"860Z200US48651","ZCTA5 48651","922","159","918","159","89","47","93","47","55","37","216","74","158","86","207","57","100","55","4","3",
"860Z200US48652","ZCTA5 48652","305","83","305","83","57","28","44","24","21","15","44","18","45","24","51","27","43","27","0","11",
"860Z200US48653","ZCTA5 48653","1266","195","1261","195","228","75","91","47","47","28","266","94","169","63","210","71","250","74","5","3",
"860Z200US48654","ZCTA5 48654","428","101","428","101","80","33","29","14","12","14","106","37","81","38","45","28","75","39","0","11",
"860Z200US48655","ZCTA5 48655","1105","202","1105","202","141","65","75","43","81","55","220","95","156","73","220","71","212","98","0","15",
"860Z200US48656","ZCTA5 48656","506","100","506","100","53","37","80","63","15","21","128","40","85","46","65","30","80","45","0","11",
"860Z200US48657","ZCTA5 48657","1536","225","1536","225","186","60","192","67","152","145","216","90","217","97","243","92","330","104","0","15",
"860Z200US48658","ZCTA5 48658","966","114","966","114","125","48","89","48","110","48","123","40","182","41","180","45","157","44","0","11",
"860Z200US48659","ZCTA5 48659","672","156","672","156","94","38","94","36","33","23","91","36","72","32","144","74","144","33","0","11",
"860Z200US48661","ZCTA5 48661","2029","193","2029","193","341","57","200","43","86","41","359","81","407","86","255","74","381","72","0","17",
"860Z200US48662","ZCTA5 48662","221","81","221","81","20","16","7","9","34","19","63","31","36","23","23","18","38","26","0","11",
"860Z200US48701","ZCTA5 48701","285","81","280","81","40","23","34","16","10","8","75","33","38","28","31","17","52","31","5","2",
"860Z200US48703","ZCTA5 48703","382","77","382","77","22","18","45","22","14","15","65","30","74","29","114","32","48","29","0","11",
"860Z200US48705","ZCTA5 48705","56","24","56","24","11","11","7","6","12","9","6","6","7","9","9","8","4","5","0","11",
"860Z200US48706","ZCTA5 48706","8002","466","8002","466","1105","229","712","177","701","286","1101","242","1188","238","1651","326","1544","209","0","23",
"860Z200US48708","ZCTA5 48708","4830","432","4823","433","880","225","267","101","140","81","871","181","725","198","943","219","997","183","7","20",
"860Z200US48710","ZCTA5 48710","0","11","0","11","0","11","0","11","0","11","0","11","0","11","0","11","0","11","0","11",
"860Z200US48720","ZCTA5 48720","261","100","261","100","22","14","44","39","6","6","67","54","36","16","26","15","60","22","0","11",
"860Z200US48721","ZCTA5 48721","49","33","49","33","0","11","2","3","0","11","17","16","17","15","0","11","13","11","0","11",
"860Z200US48722","ZCTA5 48722","528","120","528","120","38","26","48","32","30","23","69","41","60","35","133","51","150","63","0","11",
"860Z200US48723","ZCTA5 48723","2536","305","2513","305","286","85","208","64","106","46","401","93","542","109","458","156","512","128","23","11",
"860Z200US48724","ZCTA5 48724","631","460","631","460","87","99","87","100","142","193","42","56","110","90","114","124","49","61","0","11",
"860Z200US48725","ZCTA5 48725","190","54","190","54","6","5","24","29","6","10","38","17","47","24","36","20","33","24","0","11",
"860Z200US48726","ZCTA5 48726","1338","147","1338","147","209","57","223","94","41","20","190","48","247","61","168","41","260","73","0","15",
"860Z200US48727","ZCTA5 48727","162","49","162","49","28","19","11","8","4","4","31","17","35","17","35","19","18","10","0","11",
"860Z200US48728","ZCTA5 48728","44","25","44","25","9","10","5","7","0","11","6","6","8","8","8","7","8","12","0","11",
"860Z200US48729","ZCTA5 48729","323","120","323","120","59","36","16","10","12","15","41","27","43","37","82","48","70","39","0","11",
"860Z200US48730","ZCTA5 48730","660","137","660","137","65","41","57","46","41","34","84","48","183","75","67","42","163","54","0","11",
"860Z200US48731","ZCTA5 48731","351","73","351","73","40","16","48","23","41","26","66","25","69","27","49","20","38","17","0","11",
"860Z200US48732","ZCTA5 48732","2268","270","2264","270","486","138","240","108","169","96","324","105","465","131","261","120","319","143","4","3",
"860Z200US48733","ZCTA5 48733","350","88","350","88","53","30","12","10","8","7","39","16","87","36","63","24","88","37","0","11",
"860Z200US48734","ZCTA5 48734","1478","209","1478","209","237","93","196","65","86","46","232","89","205","88","292","120","230","68","0","15",
"860Z200US48735","ZCTA5 48735","166","64","166","64","28","18","20","16","7","9","33","25","32","21","29","17","17","11","0","11",
"860Z200US48737","ZCTA5 48737","152","51","152","51","41","25","14","11","5","6","22","16","17","8","24","13","29","18","0","11",
"860Z200US48738","ZCTA5 48738","129","43","129","43","14","14","0","11","0","11","35","19","26","9","24","14","30","26","0","11",
"860Z200US48739","ZCTA5 48739","569","146","569","146","111","64","61","42","11","14","78","36","186","68","110","66","12","18","0","11",
"860Z200US48740","ZCTA5 48740","336","53","336","53","43","17","20","14","16","13","69","23","40","16","89","34","59","21","0","11",
"860Z200US48741","ZCTA5 48741","477","107","477","107","52","25","49","24","14","11","71","30","72","21","86","32","133","42","0","11",
"860Z200US48742","ZCTA5 48742","216","53","216","53","29","18","22","12","34","29","31","15","32","16","30","15","38","21","0","11",
"860Z200US48743","ZCTA5 48743","0","11","0","11","0","11","0","11","0","11","0","11","0","11","0","11","0","11","0","11",
"860Z200US48744","ZCTA5 48744","758","203","757","202","146","75","54","35","52","49","100","52","69","35","202","128","134","94","1","6",
"860Z200US48745","ZCTA5 48745","192","59","192","59","36","17","30","16","17","10","30","17","19","12","30","18","30","25","0","11",
"860Z200US48746","ZCTA5 48746","1559","265","1559","265","251","113","70","40","205","142","286","140","260","105","281","84","206","83","0","15",
"860Z200US48747","ZCTA5 48747","253","80","253","80","45","28","48","28","21","17","38","28","33","26","25","17","43","23","0","11",
"860Z200US48748","ZCTA5 48748","163","59","163","59","18","18","19","17","0","11","23","14","20","14","51","26","32","22","0","11",
"860Z200US48749","ZCTA5 48749","258","77","258","77","70","31","35","23","17","21","32","16","46","21","25","14","33","16","0","11",
"860Z200US48750","ZCTA5 48750","1512","210","1512","210","239","77","256","114","77","48","285","85","141","65","264","109","250","86","0","15",
"860Z200US48754","ZCTA5 48754","203","62","203","62","27","14","6","7","6","6","41","22","32","14","56","25","35","18","0","11",
"860Z200US48755","ZCTA5 48755","531","117","531","117","50","31","59","34","39","34","70","28","77","44","118","46","118","44","0","11",
"860Z200US48756","ZCTA5 48756","762","207","762","207","104","50","76","33","32","25","66","34","190","63","196","92","98","59","0","11",
"860Z200US48757","ZCTA5 48757","682","135","682","135","131","60","49","23","68","30","125","51","112","37","105","81","92","40","0","11",
"860Z200US48759","ZCTA5 48759","828","174","828","174","142","59","51","31","73","66","153","76","129","44","149","66","131","53","0","11",
"860Z200US48760","ZCTA5 48760","330","124","330","124","14","11","27","21","31","29","65","33","17","11","76","40","100","46","0","11",
"860Z200US48761","ZCTA5 48761","31","27","31","27","14","25","11","13","0","11","0","11","0","11","6","6","0","11","0","11",
"860Z200US48762","ZCTA5 48762","147","47","147","47","39","24","26","18","3","5","21","16","14","12","6","8","38","20","0","11",
"860Z200US48763","ZCTA5 48763","971","166","971","166","146","41","122","64","80","71","145","63","142","46","119","37","217","62","0","11",
"860Z200US48765","ZCTA5 48765","63","27","63","27","9","9","6","7","1","2","5","5","11","7","17","13","14","9","0","11",
"860Z200US48766","ZCTA5 48766","275","71","275","71","62","38","20","13","4","5","11","10","44","20","27","16","107","29","0","11",
"860Z200US48767","ZCTA5 48767","426","132","426","132","49","35","50","45","24","22","92","62","74","26","62","29","75","33","0","11",
"860Z200US48768","ZCTA5 48768","1898","246","1742","241","243","109","276","95","59","33","280","89","335","117","259","80","290","105","156","30",
"860Z200US48770","ZCTA5 48770","451","77","451","77","63","34","65","23","15","9","53","18","77","25","89","33","89","37","0","11",
"860Z200US48801","ZCTA5 48801","2795","262","2756","263","368","87","389","90","127","47","688","198","471","158","345","112","368","142","39","34",
"860Z200US48806","ZCTA5 48806","399","119","399","119","38","23","44","44","19","13","44","23","68","39","63","24","123","65","0","11",
"860Z200US48807","ZCTA5 48807","118","45","118","45","8","7","8","10","2","3","39","23","23","14","26","15","12","8","0","11",
"860Z200US48808","ZCTA5 48808","1192","299","1192","299","187","83","87","45","49","37","174","81","147","71","180","79","368","165","0","15",
"860Z200US48809","ZCTA5 48809","2237","256","2237","256","414","113","102","50","124","58","358","102","343","142","412","111","484","129","0","17",
"860Z200US48811","ZCTA5 48811","1377","236","1377","236","186","73","78","38","103","48","211","73","255","74","293","75","251","90","0","15",
"860Z200US48813","ZCTA5 48813","4542","316","4511","316","329","84","597","133","156","51","656","189","636","114","922","160","1215","159","31","6",
"860Z200US48815","ZCTA5 48815","572","115","572","115","48","32","26","16","45","44","132","45","87","41","133","55","101","36","0","11",
"860Z200US48816","ZCTA5 48816","5","10","5","10","0","11","0","11","0","11","5","10","0","11","0","11","0","11","0","11",
"860Z200US48817","ZCTA5 48817","1105","204","1105","204","235","106","81","52","83","48","113","71","100","56","211","99","282","119","0","15",
"860Z200US48818","ZCTA5 48818","519","124","519","124","90","48","15","13","25","19","72","45","79","39","111","47","127","64","0","11",
"860Z200US48819","ZCTA5 48819","609","152","609","152","70","37","48","37","31","18","92","40","114","52","118","50","136","57","0","11",
"860Z200US48820","ZCTA5 48820","4177","339","4173","339","596","131","496","115","181","75","732","144","598","125","757","125","813","160","4","8",
"860Z200US48821","ZCTA5 48821","1142","149","1139","150","124","68","93","50","56","37","132","80","275","177","295","103","164","78","3","8",
"860Z200US48822","ZCTA5 48822","567","105","567","105","151","53","81","38","42","27","52","28","86","47","50","23","105","52","0","11",
"860Z200US48823","ZCTA5 48823","6765","578","6761","577","877","157","803","187","497","144","1299","253","1202","198","1057","231","1026","228","4","9",
"860Z200US48824","ZCTA5 48824","19","28","0","11","0","11","0","11","0","11","0","11","0","11","0","11","0","11","19","28",
"860Z200US48825","ZCTA5 48825","114","70","0","17","0","17","0","17","0","17","0","17","0","17","0","17","0","17","114","70",
"860Z200US48827","ZCTA5 48827","3778","381","3756","373","589","144","275","93","191","79","570","144","735","129","811","270","585","117","22","29",
"860Z200US48829","ZCTA5 48829","890","157","867","150","126","52","141","60","41","23","200","146","99","36","122","50","138","88","23","35",
"860Z200US48831","ZCTA5 48831","631","101","631","101","104","36","91","33","53","29","134","48","48","23","91","39","110","44","0","11",
"860Z200US48832","ZCTA5 48832","261","89","261","89","56","31","19","15","14","15","77","41","26","17","26","15","43","21","0","11",
"860Z200US48834","ZCTA5 48834","576","147","576","147","63","39","54","24","15","11","84","33","151","71","133","45","76","35","0","11",
"860Z200US48835","ZCTA5 48835","660","140","660","140","113","40","62","25","36","18","76","26","106","38","148","59","119","56","0","11",
"860Z200US48836","ZCTA5 48836","3573","416","3573","416","598","176","325","98","418","158","538","115","563","188","544","156","587","148","0","17",
"860Z200US48837","ZCTA5 48837","3987","348","3987","348","535","164","421","134","231","109","773","214","813","223","592","148","622","144","0","17",
"860Z200US48838","ZCTA5 48838","3797","477","3797","477","684","165","407","110","151","84","591","170","626","148","722","204","616","192","0","17",
"860Z200US48840","ZCTA5 48840","2225","303","2224","303","190","83","129","74","191","90","431","120","502","142","353","115","428","146","1","3",
"860Z200US48841","ZCTA5 48841","53","26","53","26","4","6","1","3","0","11","20","13","15","11","10","8","3","4","0","11",
"860Z200US48842","ZCTA5 48842","4677","450","4677","450","660","207","528","145","193","77","692","154","834","223","881","201","889","250","0","20",
"860Z200US48843","ZCTA5 48843","9433","453","9427","453","1396","206","914","147","535","123","1593","278","1620","239","1730","248","1639","249","6","10",
"860Z200US48845","ZCTA5 48845","250","95","250","95","55","34","10","8","19","18","28","16","48","31","48","29","42","24","0","11",
"860Z200US48846","ZCTA5 48846","3810","381","3810","381","609","146","570","162","156","97","475","167","570","191","619","181","811","157","0","20",
"860Z200US48847","ZCTA5 48847","1204","159","1204","159","247","80","136","44","52","26","209","74","202","62","190","61","168","63","0","15",
"860Z200US48848","ZCTA5 48848","1951","309","1951","309","366","114","276","135","57","32","296","102","370","130","282","74","304","100","0","15",
"860Z200US48849","ZCTA5 48849","1328","229","1328","229","152","86","200","87","105","67","113","47","257","73","252","102","249","83","0","15",
"860Z200US48850","ZCTA5 48850","1039","175","1039","175","117","63","77","34","56","36","194","61","145","50","210","92","240","90","0","11",
"860Z200US48851","ZCTA5 48851","489","191","489","191","78","65","31","25","6","8","45","38","60","27","157","96","112","68","0","11",
"860Z200US48852","ZCTA5 48852","33","28","33","28","5","8","11","12","0","11","8","8","2","3","3","6","4","8","0","11",
"860Z200US48853","ZCTA5 48853","177","106","177","106","10","11","0","11","0","11","70","71","53","36","34","30","10","10","0","11",
"860Z200US48854","ZCTA5 48854","4191","414","4183","415","655","202","380","118","130","56","703","180","795","217","703","180","817","187","8","7",
"860Z200US48855","ZCTA5 48855","3910","490","3909","490","661","128","505","153","144","76","609","117","802","291","589","136","599","160","1","2",
"860Z200US48856","ZCTA5 48856","302","102","302","102","23","20","26","31","12","17","8","13","68","31","58","22","107","44","0","11",
"860Z200US48857","ZCTA5 48857","949","252","949","252","129","61","89","38","64","36","183","61","243","80","93","52","148","92","0","11",
"860Z200US48858","ZCTA5 48858","6982","287","6933","290","1156","181","845","161","484","113","1160","160","1154","149","1193","169","941","123","49","46",
"860Z200US48859","ZCTA5 48859","43","65","0","11","0","11","0","11","0","11","0","11","0","11","0","11","0","11","43","65",
"860Z200US48860","ZCTA5 48860","280","86","280","86","37","22","41","31","7","5","29","19","59","44","62","52","45","29","0","11",
"860Z200US48861","ZCTA5 48861","333","93","333","93","66","28","51","33","17","12","51","21","33","17","60","27","55","26","0","11",
"860Z200US48862","ZCTA5 48862","13","13","13","13","1","4","0","11","0","11","0","11","4","6","6","7","2","4","0","11",
"860Z200US48864","ZCTA5 48864","5657","470","5657","470","740","199","588","169","426","146","1049","223","1011","227","661","159","1182","216","0","20",
"860Z200US48865","ZCTA5 48865","438","116","438","116","65","33","45","24","23","28","74","48","106","73","85","43","40","26","0","11",
"860Z200US48866","ZCTA5 48866","1029","162","1029","162","142","45","59","38","58","35","162","84","217","70","210","60","181","63","0","11",
"860Z200US48867","ZCTA5 48867","5653","338","5653","338","892","173","442","145","346","135","1094","184","880","216","877","166","1122","181","0","20",
"860Z200US48870","ZCTA5 48870","61","60","61","60","33","45","4","5","0","11","24","37","0","11","0","11","0","11","0","11",
"860Z200US48871","ZCTA5 48871","545","146","545","146","97","48","86","40","53","52","62","32","132","68","81","33","34","22","0","11",
"860Z200US48872","ZCTA5 48872","1172","271","1172","271","178","74","182","70","45","43","205","131","135","59","242","99","185","80","0","15",
"860Z200US48873","ZCTA5 48873","433","152","433","152","38","20","28","28","13","13","33","22","126","65","90","42","105","41","0","11",
"860Z200US48874","ZCTA5 48874","35","48","35","48","0","11","0","11","0","11","0","11","19","31","16","18","0","11","0","11",
"860Z200US48875","ZCTA5 48875","2652","357","2650","357","351","137","313","109","99","74","414","139","618","213","522","156","333","97","2","4",
"860Z200US48876","ZCTA5 48876","1063","153","1063","153","199","76","131","49","102","104","159","64","200","81","136","55","136","57","0","11",
"860Z200US48877","ZCTA5 48877","343","93","343","93","24","22","11","9","11","13","36","19","110","45","88","42","63","28","0","11",
"860Z200US48878","ZCTA5 48878","127","53","123","53","3","5","10","9","0","11","4","6","29","22","25","19","52","36","4","3",
"860Z200US48879","ZCTA5 48879","4332","482","4308","482","543","145","379","86","273","88","752","185","579","116","941","154","841","175","24","11",
"860Z200US48880","ZCTA5 48880","1348","135","1337","135","227","76","72","40","121","55","214","61","268","79","149","54","286","84","11","4",
"860Z200US48881","ZCTA5 48881","1209","217","1209","217","131","55","125","60","41","31","159","68","186","91","337","115","230","98","0","15",
"860Z200US48883","ZCTA5 48883","1468","197","1468","197","234","74","154","56","62","29","259","96","273","64","188","50","298","98","0","15",
"860Z200US48884","ZCTA5 48884","1260","351","1260","351","152","69","95","44","35","23","185","88","234","89","312","107","247","135","0","11",
"860Z200US48885","ZCTA5 48885","320","130","320","130","34","42","48","29","0","11","46","41","29","24","71","52","92","43","0","11",
"860Z200US48886","ZCTA5 48886","224","70","224","70","42","28","11","12","23","18","20","13","34","22","61","28","33","23","0","11",
"860Z200US48888","ZCTA5 48888","1055","208","1055","208","75","35","168","85","41","21","175","64","265","82","181","89","150","55","0","15",
"860Z200US48889","ZCTA5 48889","303","81","303","81","55","22","38","17","23","19","42","22","24","18","46","25","75","31","0","11",
"860Z200US48890","ZCTA5 48890","497","154","491","154","93","62","28","21","47","23","73","37","82","44","103","50","65","42","6","6",
"860Z200US48891","ZCTA5 48891","701","212","701","212","138","88","38","26","18","23","171","106","160","70","80","31","96","53","0","11",
"860Z200US48892","ZCTA5 48892","1182","182","1182","182","202","97","141","86","9","9","264","104","223","92","216","93","127","58","0","11",
"860Z200US48893","ZCTA5 48893","1437","262","1437","262","111","52","74","29","61","33","229","109","278","103","257","63","427","97","0","15",
"860Z200US48894","ZCTA5 48894","595","144","595","144","114","52","77","29","25","18","95","32","76","37","94","43","114","51","0","11",
"860Z200US48895","ZCTA5 48895","2549","381","2549","381","392","167","241","103","135","91","470","163","393","135","492","133","426","139","0","17",
"860Z200US48896","ZCTA5 48896","9","10","9","10","0","11","0","11","3","4","3","5","0","11","3","4","0","11","0","11",
"860Z200US48897","ZCTA5 48897","466","176","466","176","45","31","14","12","25","24","145","96","79","70","84","42","74","44","0","11",
"860Z200US48906","ZCTA5 48906","6177","797","6170","796","931","363","513","144","503","177","888","299","1185","287","1332","394","818","208","7","7",
"860Z200US48910","ZCTA5 48910","6264","686","6231","686","1103","265","977","285","357","113","1119","257","778","241","1151","370","746","274","33","10",
"860Z200US48911","ZCTA5 48911","10637","1097","10637","1097","1795","331","1405","327","528","157","1737","423","1911","347","1397","278","1864","340","0","23",
"860Z200US48912","ZCTA5 48912","3253","724","3194","715","392","121","477","298","86","65","652","241","609","191","482","248","496","188","59","72",
"860Z200US48915","ZCTA5 48915","1923","465","1923","465","378","184","423","135","45","36","88","58","397","288","366","191","226","106","0","15",
"860Z200US48917","ZCTA5 48917","5179","433","5157","432","951","218","609","123","359","140","715","151","814","194","767","162","942","172","22","6",
"860Z200US48933","ZCTA5 48933","496","288","462","288","51","46","8","16","17","18","104","89","38","47","85","90","159","103","34","19",
"860Z200US49001","ZCTA5 49001","5373","605","5366","607","1272","337","486","172","235","144","871","252","1035","286","698","262","769","204","7","20",
"860Z200US49002","ZCTA5 49002","4231","590","4231","590","485","151","324","139","436","263","565","233","651","228","978","230","792","202","0","17",
"860Z200US49004","ZCTA5 49004","4117","635","4117","635","385","133","633","224","327","159","684","243","833","303","464","152","791","182","0","17",
"860Z200US49006","ZCTA5 49006","3266","700","3252","699","668","184","284","122","111","83","469","180","676","250","695","412","349","136","14","19",
"860Z200US49007","ZCTA5 49007","1778","430","1744","436","298","141","260","170","71","53","216","129","118","76","185","97","596","207","34","28",
"860Z200US49008","ZCTA5 49008","2618","417","2532","408","354","132","359","98","227","119","404","121","223","100","389","143","576","165","86","29",
"860Z200US49009","ZCTA5 49009","11227","749","11227","749","1302","308","1163","255","762","222","1440","265","2667","555","1971","403","1922","328","0","23",
"860Z200US49010","ZCTA5 49010","4090","452","4081","452","858","211","460","130","301","121","548","156","564","155","530","169","820","149","9","5",
"860Z200US49011","ZCTA5 49011","374","115","374","115","26","21","49","33","24","17","64","29","89","38","45","28","77","35","0","11",
"860Z200US49012","ZCTA5 49012","650","213","644","212","52","37","89","93","16","12","119","67","101","62","105","67","162","91","6","6",
"860Z200US49013","ZCTA5 49013","1292","258","1292","258","118","54","188","75","64","33","265","94","225","63","255","128","177","70","0","15",
"860Z200US49014","ZCTA5 49014","5134","475","5121","476","672","133","545","136","375","155","745","142","922","194","902","201","960","203","13","14",
"860Z200US49015","ZCTA5 49015","7202","663","7190","664","1141","293","505","152","407","180","1010","320","1174","234","1296","280","1657","323","12","21",
"860Z200US49017","ZCTA5 49017","4397","486","4395","486","518","143","475","198","245","96","654","163","528","149","1001","237","974","214","2","4",
"860Z200US49021","ZCTA5 49021","1517","274","1517","274","168","78","176","58","54","28","211","78","355","144","313","89","240","99","0","15",
"860Z200US49022","ZCTA5 49022","7861","500","7852","500","1202","181","731","203","485","176","1671","280","1293","237","1036","253","1434","189","9","11",
"860Z200US49024","ZCTA5 49024","6777","657","6777","657","1134","268","888","200","336","138","1075","226","1122","243","1252","264","970","229","0","23",
"860Z200US49026","ZCTA5 49026","340","141","340","141","52","37","31","25","37","31","33","29","59","38","58","34","70","35","0","11",
"860Z200US49027","ZCTA5 49027","140","120","140","120","3","6","1","2","1","2","5","7","5","9","38","50","87","73","0","11",
"860Z200US49028","ZCTA5 49028","1537","204","1537","204","251","83","128","52","71","29","313","78","269","93","324","107","181","48","0","15",
"860Z200US49029","ZCTA5 49029","275","78","275","78","15","12","27","16","7","7","35","16","76","29","71","38","44","24","0","11",
"860Z200US49030","ZCTA5 49030","697","169","697","169","100","43","94","39","39","30","102","53","122","47","126","47","114","49","0","11",
"860Z200US49031","ZCTA5 49031","1540","218","1540","218","232","85","129","64","74","32","247","57","299","72","303","88","256","89","0","15",
"860Z200US49032","ZCTA5 49032","975","192","965","191","122","70","121","60","37","20","183","48","147","63","192","62","163","61","10","24",
"860Z200US49033","ZCTA5 49033","220","98","220","98","12","12","8","9","10","16","52","41","54","45","45","38","39","42","0","11",
"860Z200US49034","ZCTA5 49034","466","166","466","166","82","42","74","51","41","50","79","36","29","17","53","51","108","62","0","11",
"860Z200US49036","ZCTA5 49036","5119","360","5117","360","753","124","590","113","289","97","664","152","920","138","904","198","997","124","2","4",
"860Z200US49037","ZCTA5 49037","4997","541","4940","543","1157","273","494","152","357","168","868","220","779","220","718","247","567","179","57","34",
"860Z200US49038","ZCTA5 49038","1927","272","1927","272","239","125","256","81","211","132","304","129","377","198","245","54","295","108","0","15",
"860Z200US49040","ZCTA5 49040","641","148","641","148","199","93","78","47","41","28","114","53","16","18","130","70","63","37","0","11",
"860Z200US49042","ZCTA5 49042","1094","166","1094","166","164","66","95","37","42","27","257","78","238","123","148","45","150","63","0","11",
"860Z200US49043","ZCTA5 49043","529","157","529","157","121","55","43","33","5","8","113","69","77","54","115","66","55","53","0","11",
"860Z200US49045","ZCTA5 49045","902","161","898","161","109","64","119","44","31","19","200","73","174","61","146","61","119","58","4","8",
"860Z200US49046","ZCTA5 49046","948","215","948","215","60","47","58","47","11","18","161","70","229","75","154","71","275","124","0","15",
"860Z200US49047","ZCTA5 49047","2830","336","2828","336","528","156","230","99","157","99","419","133","469","147","676","150","349","121","2","5",
"860Z200US49048","ZCTA5 49048","5628","720","5600","722","1080","258","627","201","416","141","667","186","909","305","948","311","953","269","28","19",
"860Z200US49050","ZCTA5 49050","210","86","210","86","19","15","7","8","15","21","39","25","45","32","42","32","43","41","0","11",
"860Z200US49051","ZCTA5 49051","851","223","851","223","98","65","99","50","41","42","184","116","234","116","169","84","26","30","0","11",
"860Z200US49052","ZCTA5 49052","326","162","325","162","28","18","20","20","45","40","32","20","92","88","91","62","17","18","1","4",
"860Z200US49053","ZCTA5 49053","1762","355","1762","355","138","71","176","81","217","118","284","118","292","123","272","96","383","119","0","15",
"860Z200US49055","ZCTA5 49055","1058","210","1058","210","167","85","54","30","59","30","238","111","208","82","174","78","158","70","0","15",
"860Z200US49056","ZCTA5 49056","1076","242","1048","240","207","87","101","63","53","42","151","71","148","71","163","78","225","111","28","77",
"860Z200US49057","ZCTA5 49057","1886","274","1885","274","227","85","132","57","76","41","238","80","310","76","471","121","431","125","1","5",
"860Z200US49058","ZCTA5 49058","4113","414","4113","414","599","156","470","139","224","115","573","143","492","130","795","182","960","177","0","17",
"860Z200US49060","ZCTA5 49060","341","229","341","229","89","79","81","109","0","11","79","108","32","28","55","52","5","8","0","11",
"860Z200US49061","ZCTA5 49061","585","138","585","138","62","46","86","49","18","20","123","79","97","42","77","50","122","75","0","11",
"860Z200US49063","ZCTA5 49063","0","11","0","11","0","11","0","11","0","11","0","11","0","11","0","11","0","11","0","11",
"860Z200US49064","ZCTA5 49064","737","155","737","155","137","78","51","31","31","24","57","32","75","38","157","68","229","112","0","11",
"860Z200US49065","ZCTA5 49065","1739","279","1739","279","339","183","158","82","117","54","304","86","426","122","194","76","201","85","0","15",
"860Z200US49066","ZCTA5 49066","238","117","238","117","19","17","22","23","10","15","49","25","73","44","43","24","22","17","0","11",
"860Z200US49067","ZCTA5 49067","808","148","808","148","129","59","73","31","24","18","169","68","141","48","158","59","114","51","0","11",
"860Z200US49068","ZCTA5 49068","2975","296","2975","296","485","120","308","101","202","77","533","165","473","115","467","131","507","111","0","17",
"860Z200US49070","ZCTA5 49070","515","146","515","146","151","75","46","40","13","12","85","52","70","43","45","23","105","42","0","11",
"860Z200US49071","ZCTA5 49071","3213","418","3213","418","520","179","199","92","259","171","599","227","534","143","523","168","579","142","0","17",
"860Z200US49072","ZCTA5 49072","626","105","626","105","64","38","64","40","30","17","150","95","81","36","100","58","137","47","0","11",
"860Z200US49073","ZCTA5 49073","1091","254","1091","254","159","70","107","51","36","21","199","91","194","73","164","55","232","75","0","11",
"860Z200US49074","ZCTA5 49074","12","32","0","11","0","11","0","11","0","11","0","11","0","11","0","11","0","11","12","32",
"860Z200US49075","ZCTA5 49075","10","14","10","14","6","8","0","11","0","11","4","5","0","11","0","11","0","11","0","11",
"860Z200US49076","ZCTA5 49076","703","122","703","122","101","42","49","29","28","24","140","45","136","44","101","47","148","42","0","11",
"860Z200US49078","ZCTA5 49078","2130","399","2130","399","265","85","246","95","159","115","161","76","516","205","475","191","308","141","0","17",
"860Z200US49079","ZCTA5 49079","3097","364","3095","364","339","136","442","169","167","91","565","186","468","134","503","154","611","143","2","4",
"860Z200US49080","ZCTA5 49080","3283","436","3283","436","337","145","334","145","110","68","472","159","514","153","997","257","519","146","0","17",
"860Z200US49082","ZCTA5 49082","1513","209","1513","209","274","86","174","76","68","42","214","92","365","124","197","70","221","80","0","15",
"860Z200US49083","ZCTA5 49083","2094","453","2094","453","375","155","219","100","190","158","221","107","469","203","311","117","309","151","0","15",
"860Z200US49084","ZCTA5 49084","10","13","10","13","1","3","0","11","0","11","0","11","4","7","0","11","5","7","0","11",
"860Z200US49085","ZCTA5 49085","4508","468","4508","468","747","215","432","109","335","203","682","153","759","162","778","164","775","176","0","20",
"860Z200US49087","ZCTA5 49087","1415","344","1415","344","121","53","86","37","64","30","331","102","212","66","306","134","295","168","0","15",
"860Z200US49088","ZCTA5 49088","829","234","829","234","115","70","73","63","55","72","202","112","90","66","114","70","180","106","0","11",
"860Z200US49089","ZCTA5 49089","524","134","524","134","67","42","50","34","15","14","111","55","72","44","82","50","127","64","0","11",
"860Z200US49090","ZCTA5 49090","2463","313","2462","313","477","153","345","121","91","54","422","164","442","167","463","142","222","95","1","2",
"860Z200US49091","ZCTA5 49091","5170","313","5170","313","969","186","509","101","245","82","746","140","770","139","1076","187","855","157","0","17",
"860Z200US49092","ZCTA5 49092","455","147","455","147","51","43","10","11","23","18","72","56","106","68","66","29","127","59","0","11",
"860Z200US49093","ZCTA5 49093","4237","280","4237","280","504","148","354","103","241","94","705","151","711","139","779","153","943","168","0","17",
"860Z200US49094","ZCTA5 49094","1057","173","1057","173","89","43","172","79","30","17","151","50","254","133","131","65","230","72","0","11",
"860Z200US49095","ZCTA5 49095","431","141","431","141","75","35","33","18","5","5","78","47","53","30","91","53","96","60","0","11",
"860Z200US49096","ZCTA5 49096","784","170","784","170","166","77","115","74","44","24","121","40","117","35","107","43","114","36","0","11",
"860Z200US49097","ZCTA5 49097","2483","329","2483","329","364","158","221","82","150","68","552","156","384","180","450","153","362","170","0","17",
"860Z200US49098","ZCTA5 49098","1332","342","1332","342","168","78","262","109","79","71","343","160","214","83","98","51","168","70","0","15",
"860Z200US49099","ZCTA5 49099","1141","208","1137","207","195","76","104","44","46","27","240","84","214","93","118","52","220","93","4","8",
"860Z200US49101","ZCTA5 49101","589","82","589","82","92","49","24","17","58","30","48","24","102","39","159","52","106","37","0","11",
"860Z200US49102","ZCTA5 49102","277","123","270","123","45","41","28","30","8","13","36","35","33","28","72","47","48","50","7","7",
"860Z200US49103","ZCTA5 49103","2100","303","2088","305","312","109","297","103","42","29","374","115","230","72","402","106","431","117","12","22",
"860Z200US49104","ZCTA5 49104","8","14","0","11","0","11","0","11","0","11","0","11","0","11","0","11","0","11","8","14",
"860Z200US49106","ZCTA5 49106","1107","283","1107","283","179","82","137","68","92","56","38","32","230","132","214","116","217","110","0","15",
"860Z200US49107","ZCTA5 49107","2014","323","2014","323","196","81","359","133","101","55","242","98","293","124","494","211","329","145","0","17",
"860Z200US49111","ZCTA5 49111","659","168","659","168","64","53","100","39","21","20","98","43","140","63","93","49","143","65","0","11",
"860Z200US49112","ZCTA5 49112","2520","253","2520","253","359","110","256","96","90","37","446","109","489","115","430","97","450","109","0","17",
"860Z200US49113","ZCTA5 49113","328","79","328","79","34","18","27","18","13","13","53","24","66","29","49","23","86","43","0","11",
"860Z200US49115","ZCTA5 49115","0","11","0","11","0","11","0","11","0","11","0","11","0","11","0","11","0","11","0","11",
"860Z200US49116","ZCTA5 49116","0","11","0","11","0","11","0","11","0","11","0","11","0","11","0","11","0","11","0","11",
"860Z200US49117","ZCTA5 49117","449","97","449","97","47","26","17","15","37","31","70","34","111","33","78","30","89","34","0","11",
"860Z200US49119","ZCTA5 49119","4","7","4","7","0","11","0","11","0","11","0","11","0","11","4","7","0","11","0","11",
"860Z200US49120","ZCTA5 49120","8122","750","8122","750","1026","267","612","145","330","133","1180","245","1442","251","1596","358","1936","277","0","23",
"860Z200US49125","ZCTA5 49125","311","95","311","95","116","44","5","7","6","8","15","13","70","27","61","38","38","31","0","11",
"860Z200US49126","ZCTA5 49126","362","100","362","100","20","15","89","78","33","45","42","32","72","50","55","45","51","42","0","11",
"860Z200US49127","ZCTA5 49127","2490","340","2490","340","429","111","215","75","50","32","507","175","444","140","427","110","418","98","0","17",
"860Z200US49128","ZCTA5 49128","684","209","684","209","98","49","53","25","15","12","161","93","180","96","94","35","83","48","0","11",
"860Z200US49129","ZCTA5 49129","90","75","90","75","0","11","0","11","0","11","20","22","12","14","26","33","32","26","0","11",
"860Z200US49130","ZCTA5 49130","139","81","139","81","5","7","11","17","0","11","30","26","19","20","26","29","48","31","0","11",
"860Z200US49201","ZCTA5 49201","8906","794","8897","796","1254","288","1007","240","205","87","1589","361","1300","231","1837","295","1705","307","9","14",
"860Z200US49202","ZCTA5 49202","4617","660","4607","660","573","212","672","217","215","108","839","263","941","244","730","217","637","179","10","4",
"860Z200US49203","ZCTA5 49203","8585","698","8585","698","1433","235","1037","232","491","165","1417","292","1167","228","1321","284","1719","292","0","23",
"860Z200US49220","ZCTA5 49220","698","206","698","206","67","39","75","74","42","35","65","34","57","26","232","129","160","82","0","11",
"860Z200US49221","ZCTA5 49221","8042","441","8005","443","1096","171","768","151","570","179","1345","252","1506","235","1444","271","1276","210","37","12",
"860Z200US49224","ZCTA5 49224","3444","412","3327","410","485","145","346","118","145","66","750","260","517","143","581","142","503","128","117","35",
"860Z200US49227","ZCTA5 49227","271","96","271","96","50","35","23","19","4","5","46","22","39","25","68","30","41","20","0","11",
"860Z200US49228","ZCTA5 49228","1269","204","1267","204","177","90","225","119","27","21","155","75","206","81","171","70","306","84","2","6",
"860Z200US49229","ZCTA5 49229","719","164","719","164","103","42","70","25","54","60","96","81","127","65","89","36","180","66","0","11",
"860Z200US49230","ZCTA5 49230","1649","291","1648","291","268","115","174","68","60","42","241","108","359","125","262","98","284","83","1","3",
"860Z200US49232","ZCTA5 49232","864","241","864","241","153","72","67","34","17","11","150","66","159","52","140","44","178","66","0","11",
"860Z200US49233","ZCTA5 49233","605","172","605","172","107","46","62","42","69","47","30","16","89","47","107","55","141","86","0","11",
"860Z200US49234","ZCTA5 49234","431","141","431","141","85","50","0","11","0","11","96","69","67","43","124","62","59","41","0","11",
"860Z200US49235","ZCTA5 49235","399","114","399","114","28","15","35","16","10","11","69","31","114","53","91","43","52","19","0","11",
"860Z200US49236","ZCTA5 49236","1131","222","1059","222","163","98","117","63","55","48","170","85","247","111","180","70","127","51","72","11",
"860Z200US49237","ZCTA5 49237","740","157","740","157","77","38","83","37","25","21","150","64","156","82","121","47","128","46","0","11",
"860Z200US49238","ZCTA5 49238","612","345","612","345","57","24","34","15","9","7","98","55","191","159","122","71","101","81","0","11",
"860Z200US49240","ZCTA5 49240","1848","211","1848","211","270","140","172","72","72","45","286","108","212","86","504","129","332","132","0","15",
"860Z200US49241","ZCTA5 49241","392","131","392","131","53","28","22","17","21","16","85","50","79","41","62","36","70","35","0","11",
"860Z200US49242","ZCTA5 49242","2859","301","2840","302","289","84","296","81","156","58","439","119","520","156","517","111","623","114","19","18",
"860Z200US49245","ZCTA5 49245","1064","168","1064","168","193","79","126","49","34","25","175","73","200","65","209","63","127","49","0","11",
"860Z200US49246","ZCTA5 49246","1052","399","1052","399","141","84","68","56","16","22","165","127","191","148","231","152","240","160","0","11",
"860Z200US49247","ZCTA5 49247","1184","212","1184","212","229","88","144","53","84","35","234","79","211","57","151","71","131","51","0","15",
"860Z200US49248","ZCTA5 49248","179","84","179","84","65","49","8","6","29","34","14","9","8","7","28","16","27","14","0","11",
"860Z200US49249","ZCTA5 49249","594","187","594","187","67","59","121","106","34","21","75","69","59","42","150","58","88","47","0","11",
"860Z200US49250","ZCTA5 49250","1441","268","1441","268","230","80","179","76","79","54","150","45","306","111","217","66","280","72","0","15",
"860Z200US49251","ZCTA5 49251","1372","198","1372","198","120","49","210","95","84","36","220","70","249","75","227","75","262","80","0","15",
"860Z200US49252","ZCTA5 49252","522","98","522","98","110","41","38","31","30","21","65","27","97","33","118","35","64","27","0","11",
"860Z200US49253","ZCTA5 49253","496","177","496","177","36","30","39","29","3","5","44","33","101","92","152","107","121","68","0","11",
"860Z200US49254","ZCTA5 49254","758","287","758","287","110","89","100","82","22","31","188","118","162","110","52","55","124","82","0","11",
"860Z200US49255","ZCTA5 49255","780","339","780","339","182","84","96","40","95","51","125","73","104","61","104","56","74","60","0","11",
"860Z200US49256","ZCTA5 49256","827","176","827","176","126","81","50","27","47","33","104","35","167","52","152","59","181","71","0","11",
"860Z200US49258","ZCTA5 49258","4","5","4","5","2","3","2","3","0","11","0","11","0","11","0","11","0","11","0","11",
"860Z200US49259","ZCTA5 49259","460","169","460","169","132","105","46","32","13","17","43","31","44","33","82","66","100","60","0","11",
"860Z200US49261","ZCTA5 49261","105","73","105","73","12","19","15","25","15","26","11","19","9","15","18","28","25","25","0","11",
"860Z200US49262","ZCTA5 49262","286","63","286","63","39","19","38","19","14","10","35","16","73","24","46","22","41","24","0","11",
"860Z200US49263","ZCTA5 49263","0","11","0","11","0","11","0","11","0","11","0","11","0","11","0","11","0","11","0","11",
"860Z200US49264","ZCTA5 49264","298","114","287","109","61","44","44","36","24","16","43","46","36","30","49","33","30","24","11","27",
"860Z200US49265","ZCTA5 49265","1056","193","1056","193","136","55","64","52","65","38","135","53","294","98","173","67","189","87","0","15",
"860Z200US49266","ZCTA5 49266","409","102","409","102","51","34","18","20","12","11","60","45","54","32","80","47","134","67","0","11",
"860Z200US49267","ZCTA5 49267","617","198","617","198","154","114","35","38","23","22","67","48","46","31","108","70","184","108","0","11",
"860Z200US49268","ZCTA5 49268","194","78","194","78","50","45","31","21","0","11","27","19","28","28","34","26","24","20","0","11",
"860Z200US49269","ZCTA5 49269","1457","353","1457","353","139","76","169","101","105","76","325","159","313","182","216","96","190","74","0","15",
"860Z200US49270","ZCTA5 49270","1158","246","1158","246","196","86","121","63","44","33","136","59","159","61","238","128","264","103","0","15",
"860Z200US49271","ZCTA5 49271","504","126","504","126","92","45","53","27","28","23","33","19","116","48","87","40","95","52","0","11",
"860Z200US49272","ZCTA5 49272","532","187","532","187","26","31","0","11","28","46","108","82","91","63","146","77","133","83","0","11",
"860Z200US49274","ZCTA5 49274","931","372","929","371","135","108","107","77","101","54","169","102","126","49","146","45","145","61","2","8",
"860Z200US49276","ZCTA5 49276","116","54","116","54","16","18","21","19","4","5","18","25","2","3","17","16","38","29","0","11",
"860Z200US49277","ZCTA5 49277","871","250","871","250","136","85","95","78","91","61","139","81","130","57","185","112","95","61","0","11",
"860Z200US49279","ZCTA5 49279","155","56","155","56","11","11","0","11","1","2","37","22","36","23","35","20","35","24","0","11",
"860Z200US49282","ZCTA5 49282","0","11","0","11","0","11","0","11","0","11","0","11","0","11","0","11","0","11","0","11",
"860Z200US49283","ZCTA5 49283","675","309","675","309","103","98","0","11","0","11","115","112","160","185","193","115","104","73","0","11",
"860Z200US49284","ZCTA5 49284","481","100","481","100","43","23","36","22","25","23","64","31","103","33","112","49","98","41","0","11",
"860Z200US49285","ZCTA5 49285","1084","213","1084","213","111","42","107","42","59","45","184","65","204","93","193","92","226","85","0","15",
"860Z200US49286","ZCTA5 49286","3242","355","3233","355","313","110","435","129","216","98","520","186","461","124","497","135","791","186","9","4",
"860Z200US49287","ZCTA5 49287","362","148","362","148","97","89","51","54","30","38","54","46","31","24","46","36","53","51","0","11",
"860Z200US49288","ZCTA5 49288","420","161","420","161","77","49","47","28","16","16","52","25","112","85","65","23","51","36","0","11",
"860Z200US49289","ZCTA5 49289","9","10","9","10","0","11","2","3","0","11","0","11","0","11","0","11","7","9","0","11",
"860Z200US49301","ZCTA5 49301","5495","588","5495","588","624","185","500","147","226","80","707","193","1096","393","1028","274","1314","315","0","20",
"860Z200US49302","ZCTA5 49302","2982","742","2982","742","497","287","165","78","134","76","607","255","706","316","401","157","472","153","0","15",
"860Z200US49303","ZCTA5 49303","182","111","182","111","59","53","28","32","0","11","29","46","19","19","33","41","14","12","0","11",
"860Z200US49304","ZCTA5 49304","709","113","708","113","83","35","128","36","37","24","126","48","78","29","138","59","118","41","1","4",
"860Z200US49305","ZCTA5 49305","451","107","451","107","39","23","47","21","64","26","83","33","75","32","67","34","76","31","0","11",
"860Z200US49306","ZCTA5 49306","2513","469","2513","469","157","79","420","244","121","53","548","147","556","202","382","173","329","130","0","17",
"860Z200US49307","ZCTA5 49307","3045","292","3042","292","514","152","185","64","156","88","590","144","436","105","626","119","535","115","3","7",
"860Z200US49309","ZCTA5 49309","180","46","180","46","14","9","29","16","9","6","38","16","23","14","30","17","37","22","0","11",
"860Z200US49310","ZCTA5 49310","845","193","845","193","169","71","88","43","44","26","108","41","133","49","156","40","147","47","0","11",
"860Z200US49312","ZCTA5 49312","53","42","53","42","4","5","9","13","1","2","12","15","19","15","2","3","6","6","0","11",
"860Z200US49315","ZCTA5 49315","7146","641","7146","641","687","226","765","209","395","165","879","229","1394","302","1286","364","1740","350","0","20",
"860Z200US49316","ZCTA5 49316","6565","870","6565","870","853","320","629","169","383","144","873","193","1252","316","1377","320","1198","280","0","20",
"860Z200US49318","ZCTA5 49318","419","149","419","149","85","47","70","43","22","14","85","50","49","30","56","33","52","33","0","11",
"860Z200US49319","ZCTA5 49319","4348","627","4348","627","438","230","376","156","251","165","876","361","718","221","835","200","854","242","0","17",
"860Z200US49320","ZCTA5 49320","19","27","19","27","0","11","16","27","0","11","3","4","0","11","0","11","0","11","0","11",
"860Z200US49321","ZCTA5 49321","3552","435","3552","435","483","147","397","140","183","114","730","211","405","145","662","161","692","240","0","17",
"860Z200US49322","ZCTA5 49322","249","102","249","102","25","22","42","32","5","7","34","26","47","33","48","36","48","33","0","11",
"860Z200US49323","ZCTA5 49323","2949","581","2949","581","369","153","157","72","136","85","417","150","518","186","729","380","623","223","0","17",
"860Z200US49325","ZCTA5 49325","1103","327","1103","327","80","52","145","98","20","15","384","277","179","89","257","206","38","28","0","11",
"860Z200US49326","ZCTA5 49326","1057","447","1057","447","132","83","122","88","79","82","124","87","130","97","291","184","179","118","0","11",
"860Z200US49327","ZCTA5 49327","1937","201","1937","201","270","77","211","84","124","66","328","82","292","71","300","77","412","122","0","15",
"860Z200US49328","ZCTA5 49328","937","158","937","158","158","74","50","27","47","27","156","47","145","46","169","57","212","70","0","11",
"860Z200US49329","ZCTA5 49329","1925","214","1925","214","249","91","124","52","116","68","339","107","262","79","441","115","394","104","0","15",
"860Z200US49330","ZCTA5 49330","1417","287","1417","287","182","77","269","145","52","37","318","138","177","99","194","64","225","94","0","15",
"860Z200US49331","ZCTA5 49331","4379","494","4379","494","649","269","552","173","323","183","845","256","758","202","606","185","646","160","0","17",
"860Z200US49332","ZCTA5 49332","560","182","560","182","127","69","30","22","22","18","55","32","99","47","122","62","105","67","0","11",
"860Z200US49333","ZCTA5 49333","3337","364","3337","364","433","151","512","156","187","92","663","198","591","179","542","150","409","122","0","17",
"860Z200US49335","ZCTA5 49335","59","65","59","65","9","18","10","18","0","11","0","11","0","11","20","31","20","32","0","11",
"860Z200US49336","ZCTA5 49336","1349","280","1349","280","203","77","124","47","59","30","252","83","227","83","260","80","224","72","0","11",
"860Z200US49337","ZCTA5 49337","2830","264","2830","264","294","84","285","99","153","78","522","142","422","119","579","142","575","116","0","17",
"860Z200US49338","ZCTA5 49338","590","213","590","213","103","80","56","42","26","32","81","66","63","33","36","23","225","114","0","11",
"860Z200US49339","ZCTA5 49339","563","189","563","189","124","61","106","76","69","73","71","67","47","38","27","26","119","67","0","11",
"860Z200US49340","ZCTA5 49340","447","120","447","120","114","46","42","26","37","22","81","69","51","24","56","29","66","33","0","11",
"860Z200US49341","ZCTA5 49341","10824","973","10824","973","1834","322","1314","283","477","179","1911","453","1511","294","1883","359","1894","396","0","23",
"860Z200US49342","ZCTA5 49342","333","152","333","152","76","72","47","31","0","11","80","52","62","44","36","19","32","19","0","11",
"860Z200US49343","ZCTA5 49343","869","239","869","239","107","66","93","67","19","16","122","49","143","82","283","145","102","58","0","15",
"860Z200US49344","ZCTA5 49344","731","211","731","211","75","51","95","51","25","31","113","51","103","54","142","65","178","110","0","11",
"860Z200US49345","ZCTA5 49345","2965","450","2965","450","423","161","224","89","182","103","485","167","605","228","465","150","581","212","0","17",
"860Z200US49346","ZCTA5 49346","826","236","826","236","126","66","128","59","15","13","164","68","127","55","81","47","185","55","0","11",
"860Z200US49347","ZCTA5 49347","222","115","222","115","29","27","15","19","14","18","34","25","16","18","41","37","73","49","0","11",
"860Z200US49348","ZCTA5 49348","3333","554","3333","554","504","185","279","114","238","99","597","190","713","251","511","163","491","165","0","17",
"860Z200US49349","ZCTA5 49349","1460","207","1460","207","240","59","155","43","49","31","237","61","270","66","185","60","324","85","0","15",
"860Z200US49401","ZCTA5 49401","4758","526","4731","522","609","176","548","179","242","121","740","212","595","189","1001","321","996","330","27","30",
"860Z200US49402","ZCTA5 49402","192","91","192","91","17","12","27","17","2","3","15","11","16","16","50","33","65","42","0","11",
"860Z200US49403","ZCTA5 49403","588","145","588","145","99","38","97","58","39","20","51","25","109","46","88","35","105","65","0","11",
"860Z200US49404","ZCTA5 49404","2512","254","2512","254","434","130","331","93","124","71","314","100","565","131","305","103","439","121","0","15",
"860Z200US49405","ZCTA5 49405","375","87","375","87","35","18","31","19","26","15","70","33","63","28","64","26","86","37","0","11",
"860Z200US49406","ZCTA5 49406","138","91","138","91","0","11","49","76","0","11","9","14","17","19","37","21","26","25","0","11",
"860Z200US49408","ZCTA5 49408","2387","353","2387","353","240","101","255","77","132","61","430","106","368","102","455","127","507","128","0","17",
"860Z200US49409","ZCTA5 49409","40","46","40","46","0","11","0","11","0","11","0","11","0","11","32","40","8","13","0","11",
"860Z200US49410","ZCTA5 49410","431","107","431","107","44","21","30","21","42","25","72","29","81","29","72","32","90","33","0","11",
"860Z200US49411","ZCTA5 49411","231","68","231","68","26","13","14","9","10","8","36","21","59","42","59","32","27","15","0","11",
"860Z200US49412","ZCTA5 49412","3152","354","3152","354","517","218","341","99","173","75","511","93","515","153","598","202","497","127","0","17",
"860Z200US49415","ZCTA5 49415","1241","272","1241","272","169","93","202","95","119","90","187","84","158","80","212","101","194","90","0","15",
"860Z200US49417","ZCTA5 49417","7481","672","7475","672","716","196","853","199","531","216","1140","227","1230","342","1693","396","1312","295","6","14",
"860Z200US49418","ZCTA5 49418","6395","512","6395","512","991","293","725","196","285","107","1074","286","1073","262","1043","219","1204","389","0","23",
"860Z200US49419","ZCTA5 49419","2370","319","2370","319","306","107","202","79","129","65","428","106","463","139","417","103","425","132","0","15",
"860Z200US49420","ZCTA5 49420","1239","174","1239","174","155","49","119","38","46","27","168","47","273","81","169","41","309","60","0","15",
"860Z200US49421","ZCTA5 49421","1241","181","1230","183","161","45","146","52","46","23","229","69","249","73","185","64","214","68","11","33",
"860Z200US49423","ZCTA5 49423","9641","799","9631","801","1165","262","1148","278","503","163","1611","226","2068","506","1425","263","1711","273","10","13",
"860Z200US49424","ZCTA5 49424","10869","692","10868","692","1150","274","1212","274","427","152","1787","364","2073","323","1738","418","2481","385","1","3",
"860Z200US49425","ZCTA5 49425","939","238","939","238","125","61","131","54","49","31","158","96","145","52","114","45","217","89","0","11",
"860Z200US49426","ZCTA5 49426","12191","767","12190","767","1771","344","1507","249","491","135","2071","293","2189","339","2360","447","1801","226","1","3",
"860Z200US49428","ZCTA5 49428","7711","764","7711","764","1356","361","708","163","550","166","1168","277","1415","243","1293","335","1221","350","0","20",
"860Z200US49430","ZCTA5 49430","0","11","0","11","0","11","0","11","0","11","0","11","0","11","0","11","0","11","0","11",
"860Z200US49431","ZCTA5 49431","3279","199","3278","199","530","105","285","92","187","74","441","103","720","123","600","130","515","92","1","3",
"860Z200US49434","ZCTA5 49434","14","24","14","24","14","24","0","11","0","11","0","11","0","11","0","11","0","11","0","11",
"860Z200US49435","ZCTA5 49435","952","222","951","221","199","99","139","93","62","46","254","91","80","42","99","43","118","85","1","4",
"860Z200US49436","ZCTA5 49436","249","48","248","48","41","27","41","25","6","8","59","22","38","29","11","9","52","31","1","3",
"860Z200US49437","ZCTA5 49437","1579","277","1579","277","171","54","129","41","82","35","430","209","249","99","193","46","325","95","0","15",
"860Z200US49440","ZCTA5 49440","271","211","271","211","44","39","16","18","41","41","0","11","33","33","34","40","103","96","0","11",
"860Z200US49441","ZCTA5 49441","8089","753","8086","753","1078","255","1241","241","493","182","1183","246","1436","292","1278","256","1377","297","3","5",
"860Z200US49442","ZCTA5 49442","9706","728","9675","725","1338","236","1096","228","604","225","1360","247","1603","340","1685","383","1989","340","31","27",
"860Z200US49443","ZCTA5 49443","0","11","0","11","0","11","0","11","0","11","0","11","0","11","0","11","0","11","0","11",
"860Z200US49444","ZCTA5 49444","6699","612","6687","610","1204","260","746","176","454","152","1391","309","1039","207","910","238","943","218","12","26",
"860Z200US49445","ZCTA5 49445","4877","554","4877","554","620","187","305","121","283","111","817","271","945","209","909","262","998","222","0","20",
"860Z200US49446","ZCTA5 49446","505","129","505","129","25","18","32","23","28","23","129","62","82","39","84","43","125","52","0","11",
"860Z200US49448","ZCTA5 49448","1116","164","1116","164","298","121","176","75","42","36","181","82","159","63","161","95","99","56","0","11",
"860Z200US49449","ZCTA5 49449","388","99","388","99","33","17","56","33","11","13","64","29","39","26","59","22","126","57","0","11",
"860Z200US49450","ZCTA5 49450","1131","257","1131","257","143","77","145","68","72","60","250","132","140","107","176","108","205","82","0","11",
"860Z200US49451","ZCTA5 49451","1704","340","1704","340","187","60","193","69","83","42","293","101","277","91","345","114","326","109","0","15",
"860Z200US49452","ZCTA5 49452","641","151","641","151","94","49","67","29","56","32","131","46","94","41","142","60","57","27","0","11",
"860Z200US49453","ZCTA5 49453","511","328","511","328","122","126","18","19","80","110","70","67","83","96","57","47","81","51","0","11",
"860Z200US49454","ZCTA5 49454","1176","202","1176","202","137","73","120","47","62","34","258","72","180","57","176","64","243","60","0","11",
"860Z200US49455","ZCTA5 49455","1259","172","1244","169","195","56","98","36","62","33","218","71","271","65","200","60","200","62","15","28",
"860Z200US49456","ZCTA5 49456","3855","457","3852","457","483","163","284","98","220","123","914","204","701","152","614","173","636","151","3","4",
"860Z200US49457","ZCTA5 49457","2298","318","2298","318","252","106","299","113","72","51","537","168","474","137","354","133","310","116","0","17",
"860Z200US49458","ZCTA5 49458","48","39","48","39","3","5","6","7","0","11","15","14","0","11","4","7","20","31","0","11",
"860Z200US49459","ZCTA5 49459","424","131","400","122","79","32","59","27","21","16","68","33","77","37","42","25","54","29","24","50",
"860Z200US49460","ZCTA5 49460","2004","347","1986","346","223","104","171","87","34","38","207","78","505","156","359","117","487","136","18","3",
"860Z200US49461","ZCTA5 49461","1963","243","1954","242","184","81","204","90","79","42","459","121","300","94","489","107","239","101","9","12",
"860Z200US49464","ZCTA5 49464","7966","667","7965","668","945","247","763","196","357","122","1509","279","1574","302","1267","262","1550","286","1","7",
"860Z200US49503","ZCTA5 49503","6567","824","6486","824","1660","296","760","235","288","128","954","242","894","244","938","239","992","284","81","22",
"860Z200US49504","ZCTA5 49504","7957","852","7942","853","1309","278","1054","271","538","201","1361","308","1117","308","1228","232","1335","319","15","5",
"860Z200US49505","ZCTA5 49505","7073","848","7053","848","1327","316","1018","376","412","235","1066","306","1029","257","1280","362","921","217","20","5",
"860Z200US49506","ZCTA5 49506","8654","641","8647","637","1412","223","1096","199","552","125","1238","207","1417","230","1416","268","1516","316","7","16",
"860Z200US49507","ZCTA5 49507","11495","1110","11495","1110","1686","381","1208","316","660","190","1922","356","1677","458","2216","388","2126","408","0","23",
"860Z200US49508","ZCTA5 49508","10922","988","10922","988","1487","341","1616","362","716","266","1923","578","1821","340","1568","476","1791","330","0","23",
"860Z200US49509","ZCTA5 49509","7296","785","7296","785","1052","256","851","235","320","148","985","250","1386","379","1325","357","1377","315","0","20",
"860Z200US49512","ZCTA5 49512","3658","499","3577","499","665","216","377","161","137","88","895","265","574","222","547","187","382","142","81","6",
"860Z200US49519","ZCTA5 49519","6037","608","6037","608","1069","279","524","159","327","159","851","195","1151","284","889","227","1226","355","0","20",
"860Z200US49525","ZCTA5 49525","6812","583","6801","583","995","269","825","236","285","155","1076","233","1045","237","1408","279","1167","260","11","17",
"860Z200US49534","ZCTA5 49534","4970","395","4967","396","826","252","460","162","259","128","1030","229","998","195","816","167","578","141","3","9",
"860Z200US49544","ZCTA5 49544","2092","499","2092","499","356","248","255","140","100","75","345","142","341","143","333","139","362","133","0","15",
"860Z200US49546","ZCTA5 49546","7427","884","7404","884","1004","206","777","198","390","146","1279","244","1401","415","1484","416","1069","264","23","26",
"860Z200US49548","ZCTA5 49548","9224","1003","9205","1004","1261","325","996","317","371","130","1821","333","1953","415","1464","363","1339","315","19","7",
"860Z200US49601","ZCTA5 49601","4837","259","4837","259","682","126","420","82","463","130","744","162","971","182","697","174","860","106","0","20",
"860Z200US49611","ZCTA5 49611","73","78","73","78","0","11","41","48","0","11","3","4","27","33","0","11","2","3","0","11",
"860Z200US49612","ZCTA5 49612","179","62","179","62","10","12","7","7","3","4","43","29","16","12","34","26","66","34","0","11",
"860Z200US49613","ZCTA5 49613","16","13","16","13","0","11","0","11","0","11","3","4","3","4","0","11","10","9","0","11",
"860Z200US49614","ZCTA5 49614","472","91","472","91","69","26","48","19","21","16","51","19","61","25","87","32","135","51","0","11",
"860Z200US49615","ZCTA5 49615","434","69","432","69","85","38","29","21","42","25","76","31","58","29","48","22","94","35","2","7",
"860Z200US49616","ZCTA5 49616","355","81","350","82","104","56","38","24","4","6","32","17","50","22","62","33","60","37","5","4",
"860Z200US49617","ZCTA5 49617","494","111","494","111","54","35","37","25","11","11","162","58","39","20","84","50","107","47","0","11",
"860Z200US49618","ZCTA5 49618","153","58","153","58","4","5","14","13","3","4","34","18","37","20","34","18","27","18","0","11",
"860Z200US49619","ZCTA5 49619","235","83","229","85","24","18","36","19","4","6","25","21","40","26","54","29","46","27","6","8",
"860Z200US49620","ZCTA5 49620","774","193","774","193","114","35","94","48","31","18","112","37","142","51","124","56","157","77","0","11",
"860Z200US49621","ZCTA5 49621","769","133","769","133","75","36","166","97","39","25","126","53","133","63","96","37","134","57","0","11",
"860Z200US49622","ZCTA5 49622","540","152","540","152","55","25","68","37","29","26","103","41","82","44","115","47","88","46","0","11",
"860Z200US49623","ZCTA5 49623","118","42","118","42","4","5","9","8","14","16","12","12","9","7","35","16","35","23","0","11",
"860Z200US49625","ZCTA5 49625","278","91","278","91","41","19","34","17","27","15","45","28","44","25","53","26","34","20","0","11",
"860Z200US49626","ZCTA5 49626","21","14","21","14","3","4","2","4","0","11","1","2","5","5","7","6","3","5","0","11",
"860Z200US49627","ZCTA5 49627","20","21","20","21","10","13","0","11","5","7","5","7","0","11","0","11","0","11","0","11",
"860Z200US49628","ZCTA5 49628","8","7","8","7","0","11","0","11","8","7","0","11","0","11","0","11","0","11","0","11",
"860Z200US49629","ZCTA5 49629","307","89","307","89","54","36","0","11","24","22","33","21","49","37","98","65","49","31","0","11",
"860Z200US49630","ZCTA5 49630","190","65","190","65","23","16","5","6","15","10","21","13","44","33","62","31","20","18","0","11",
"860Z200US49631","ZCTA5 49631","1172","134","1140","134","155","38","93","34","60","22","165","43","223","46","195","47","249","57","32","9",
"860Z200US49632","ZCTA5 49632","175","55","175","55","32","18","23","17","6","5","16","10","40","20","30","16","28","13","0","11",
"860Z200US49633","ZCTA5 49633","510","123","510","123","107","49","68","42","15","10","95","42","99","54","57","26","69","21","0","11",
"860Z200US49634","ZCTA5 49634","41","32","41","32","11","17","8","12","0","11","8","11","0","11","8","11","6","10","0","11",
"860Z200US49635","ZCTA5 49635","448","99","442","101","75","28","53","26","12","11","70","24","43","22","78","64","111","46","6","11",
"860Z200US49636","ZCTA5 49636","42","21","42","21","0","11","0","11","0","11","5","7","3","5","11","11","23","17","0","11",
"860Z200US49637","ZCTA5 49637","597","228","597","228","126","102","4","7","41","55","12","21","13","18","112","90","289","181","0","11",
"860Z200US49638","ZCTA5 49638","163","60","163","60","19","19","15","10","8","8","29","20","24","13","18","16","50","32","0","11",
"860Z200US49639","ZCTA5 49639","518","100","485","99","60","32","49","26","69","64","74","25","85","28","45","19","103","28","33","21",
"860Z200US49640","ZCTA5 49640","130","59","130","59","5","5","9","9","9","13","8","11","23","16","30","15","46","31","0","11",
"860Z200US49642","ZCTA5 49642","197","90","197","90","11","8","37","39","1","3","36","30","13","10","80","44","19","16","0","11",
"860Z200US49643","ZCTA5 49643","1526","267","1526","267","207","68","169","67","38","37","348","92","343","119","172","57","249","90","0","15",
"860Z200US49644","ZCTA5 49644","81","28","81","28","6","6","12","14","0","11","3","5","6","6","24","11","30","14","0","11",
"860Z200US49645","ZCTA5 49645","413","112","413","112","80","33","59","29","6","7","42","20","61","26","96","39","69","38","0","11",
"860Z200US49646","ZCTA5 49646","1601","232","1601","232","253","74","151","60","64","38","140","50","323","93","378","101","292","81","0","15",
"860Z200US49648","ZCTA5 49648","328","116","328","116","36","26","30","24","17","18","52","37","75","45","38","22","80","46","0","11",
"860Z200US49649","ZCTA5 49649","2195","295","2195","295","267","98","223","75","190","73","346","129","420","140","371","134","378","130","0","15",
"860Z200US49650","ZCTA5 49650","872","105","872","105","90","44","85","44","54","44","144","71","195","73","157","67","147","79","0","11",
"860Z200US49651","ZCTA5 49651","1395","147","1393","147","212","37","174","49","80","32","289","59","223","56","197","54","218","59","2","2",
"860Z200US49653","ZCTA5 49653","406","174","406","174","39","34","19","19","22","19","66","40","108","74","91","46","61","32","0","11",
"860Z200US49654","ZCTA5 49654","78","44","76","39","0","11","9","13","0","11","10","11","27","18","10","13","20","15","2","29",
"860Z200US49655","ZCTA5 49655","796","153","796","153","125","35","84","43","31","16","150","59","80","25","114","38","212","55","0","11",
"860Z200US49656","ZCTA5 49656","377","65","377","65","35","14","55","18","27","14","88","32","51","18","64","24","57","24","0","11",
"860Z200US49657","ZCTA5 49657","1060","126","1060","126","193","48","99","28","56","25","175","44","159","40","156","39","222","53","0","11",
"860Z200US49659","ZCTA5 49659","1518","184","1517","184","259","75","68","27","57","35","171","54","187","74","402","115","373","79","1","3",
"860Z200US49660","ZCTA5 49660","2308","184","2308","184","315","87","121","49","154","65","396","109","301","87","509","118","512","97","0","17",
"860Z200US49663","ZCTA5 49663","1639","194","1639","194","247","65","217","59","70","25","302","81","322","59","235","56","246","60","0","15",
"860Z200US49664","ZCTA5 49664","262","70","262","70","41","29","38","21","21","15","36","13","50","31","36","19","40","18","0","11",
"860Z200US49665","ZCTA5 49665","872","133","872","133","132","38","110","38","58","36","169","53","132","32","160","55","111","30","0","11",
"860Z200US49667","ZCTA5 49667","171","99","171","99","12","12","4","4","3","4","38","28","55","48","44","28","15","9","0","11",
"860Z200US49668","ZCTA5 49668","880","145","880","145","155","53","78","31","39","19","184","58","107","32","121","37","196","66","0","11",
"860Z200US49670","ZCTA5 49670","180","71","180","71","46","34","13","10","16","20","24","25","2","5","7","12","72","44","0","11",
"860Z200US49674","ZCTA5 49674","0","11","0","11","0","11","0","11","0","11","0","11","0","11","0","11","0","11","0","11",
"860Z200US49675","ZCTA5 49675","110","55","110","55","30","30","4","15","8","10","17","13","16","11","17","14","18","24","0","11",
"860Z200US49676","ZCTA5 49676","822","150","822","150","78","55","61","34","77","41","132","45","157","57","198","54","119","57","0","11",
"860Z200US49677","ZCTA5 49677","1661","202","1659","202","173","54","204","49","141","43","282","47","328","73","254","61","277","75","2","3",
"860Z200US49679","ZCTA5 49679","314","97","257","89","22","17","38","29","2","3","57","31","42","23","39","18","57","31","57","29",
"860Z200US49680","ZCTA5 49680","548","152","548","152","42","22","28","20","25","22","65","28","159","76","98","39","131","64","0","11",
"860Z200US49682","ZCTA5 49682","688","95","676","95","49","29","71","28","18","16","148","47","70","30","143","48","177","44","12","4",
"860Z200US49683","ZCTA5 49683","322","72","322","72","57","26","15","11","52","25","52","22","49","23","43","22","54","22","0","11",
"860Z200US49684","ZCTA5 49684","3519","505","3517","507","599","196","318","122","151","80","488","204","661","147","705","176","595","135","2","8",
"860Z200US49685","ZCTA5 49685","4610","599","4610","599","526","134","741","209","376","178","642","184","779","194","741","182","805","201","0","20",
"860Z200US49686","ZCTA5 49686","4166","596","4156","593","537","140","443","142","273","152","615","176","853","200","783","255","652","150","10","28",
"860Z200US49688","ZCTA5 49688","617","116","617","116","66","29","55","21","69","38","126","52","105","33","104","28","92","27","0","11",
"860Z200US49689","ZCTA5 49689","324","83","323","83","71","36","18","16","26","20","58","26","30","19","86","68","34","28","1","2",
"860Z200US49690","ZCTA5 49690","1568","253","1566","253","287","117","228","110","175","88","159","92","171","79","238","100","308","127","2","6",
"860Z200US49696","ZCTA5 49696","2210","389","2154","388","204","138","158","79","70","47","406","114","421","160","442","131","453","165","56","27",
"860Z200US49701","ZCTA5 49701","112","45","96","35","10","11","6","7","14","11","11","11","23","14","13","10","19","9","16","25",
"860Z200US49705","ZCTA5 49705","198","98","198","98","10","7","11","11","0","11","18","12","67","46","65","50","27","22","0","11",
"860Z200US49706","ZCTA5 49706","785","120","785","120","149","65","138","69","6","8","128","52","73","29","160","80","131","59","0","11",
"860Z200US49707","ZCTA5 49707","4078","217","4068","218","489","118","417","97","92","51","661","110","751","210","797","134","861","65","10","9",
"860Z200US49709","ZCTA5 49709","531","116","531","116","100","44","88","42","12","10","34","19","93","46","120","51","84","38","0","11",
"860Z200US49710","ZCTA5 49710","43","44","43","44","1","4","0","11","0","11","0","11","18","22","18","23","6","8","0","11",
"860Z200US49712","ZCTA5 49712","1450","146","1450","146","156","45","186","56","65","38","182","56","256","60","336","69","269","59","0","15",
"860Z200US49713","ZCTA5 49713","464","76","464","76","41","16","38","15","26","21","68","35","84","37","118","41","89","31","0","11",
"860Z200US49715","ZCTA5 49715","663","110","663","110","112","50","147","44","14","10","76","22","106","38","70","26","138","47","0","11",
"860Z200US49716","ZCTA5 49716","251","68","251","68","47","30","13","13","6","9","12","10","53","29","86","34","34","22","0","11",
"860Z200US49717","ZCTA5 49717","0","11","0","11","0","11","0","11","0","11","0","11","0","11","0","11","0","11","0","11",
"860Z200US49718","ZCTA5 49718","140","123","140","123","3","4","0","11","0","11","28","31","44","44","29","29","36","28","0","11",
"860Z200US49719","ZCTA5 49719","201","82","201","82","39","28","26","24","34","41","25","21","16","16","14","16","47","29","0","11",
"860Z200US49720","ZCTA5 49720","1511","168","1511","168","233","56","162","52","115","37","285","89","157","50","243","62","316","61","0","15",
"860Z200US49721","ZCTA5 49721","2121","133","2121","133","329","61","213","56","152","62","372","95","300","58","339","84","416","74","0","17",
"860Z200US49722","ZCTA5 49722","0","11","0","11","0","11","0","11","0","11","0","11","0","11","0","11","0","11","0","11",
"860Z200US49724","ZCTA5 49724","235","84","235","84","22","24","9","9","30","29","56","32","42","23","45","28","31","17","0","11",
"860Z200US49725","ZCTA5 49725","18","17","18","17","0","11","0","11","0","11","4","6","6","7","4","6","4","5","0","11",
"860Z200US49726","ZCTA5 49726","125","43","125","43","24","18","17","11","15","15","33","18","24","10","0","11","12","12","0","11",
"860Z200US49727","ZCTA5 49727","1194","144","1194","144","148","41","111","29","57","29","199","51","192","52","211","60","276","62","0","15",
"860Z200US49728","ZCTA5 49728","79","41","79","41","12","6","11","6","0","11","18","21","21","20","9","13","8","6","0","11",
"860Z200US49729","ZCTA5 49729","281","59","281","59","24","17","27","14","6","8","43","18","77","27","53","27","51","23","0","11",
"860Z200US49730","ZCTA5 49730","408","116","408","116","62","29","43","27","26","18","48","23","127","60","60","32","42","23","0","11",
"860Z200US49733","ZCTA5 49733","352","97","352","97","8","10","50","45","19","16","66","61","48","27","48","25","113","73","0","11",
"860Z200US49735","ZCTA5 49735","4244","147","4231","142","649","109","401","108","227","92","774","161","662","166","679","141","839","64","13","31",
"860Z200US49736","ZCTA5 49736","57","28","57","28","19","12","11","10","2","3","0","11","6","7","7","6","12","13","0","11",
"860Z200US49738","ZCTA5 49738","1824","116","1816","116","259","57","259","55","94","51","336","83","286","82","305","88","277","52","8","3",
"860Z200US49740","ZCTA5 49740","1065","127","1064","127","111","33","151","50","54","23","155","43","247","77","158","41","188","58","1","4",
"860Z200US49743","ZCTA5 49743","173","91","173","91","44","22","18","17","4","3","32","25","38","31","23","12","14","8","0","11",
"860Z200US49744","ZCTA5 49744","186","92","186","92","67","53","4","6","4","6","48","33","32","29","15","23","16","16","0","11",
"860Z200US49745","ZCTA5 49745","132","50","132","50","4","5","17","19","0","11","30","23","11","14","13","12","57","35","0","11",
"860Z200US49746","ZCTA5 49746","638","114","637","114","72","35","79","33","42","27","67","27","124","59","112","46","141","39","1","3",
"860Z200US49747","ZCTA5 49747","462","185","462","185","106","67","76","45","37","26","86","67","47","47","69","40","41","24","0","11",
"860Z200US49748","ZCTA5 49748","45","34","45","34","0","11","18","28","0","11","14","16","7","7","6","10","0","11","0","11",
"860Z200US49749","ZCTA5 49749","663","129","663","129","111","49","80","35","2","4","77","42","93","45","115","71","185","54","0","11",
"860Z200US49751","ZCTA5 49751","437","107","437","107","59","29","66","36","54","30","89","52","57","27","47","25","65","30","0","11",
"860Z200US49752","ZCTA5 49752","118","78","118","78","0","11","0","11","0","11","52","51","0","11","33","26","33","35","0","11",
"860Z200US49753","ZCTA5 49753","256","49","256","49","22","12","32","19","11","9","47","19","54","20","39","27","51","19","0","11",
"860Z200US49755","ZCTA5 49755","295","65","295","65","65","31","21","13","2","3","22","12","39","15","54","18","92","31","0","11",
"860Z200US49756","ZCTA5 49756","424","119","420","119","27","22","44","36","14","22","123","69","54","39","54","37","104","53","4","2",
"860Z200US49757","ZCTA5 49757","79","49","79","49","2","4","0","11","11","13","24","26","9","13","20","15","13","11","0","11",
"860Z200US49759","ZCTA5 49759","215","66","214","65","19","14","18","15","6","5","15","11","32","15","64","30","60","24","1","5",
"860Z200US49760","ZCTA5 49760","68","49","68","49","8","10","1","2","0","11","4","6","13","13","34","42","8","9","0","11",
"860Z200US49762","ZCTA5 49762","38","28","38","28","6","6","10","13","2","3","2","3","9","12","5","6","4","6","0","11",
"860Z200US49764","ZCTA5 49764","0","11","0","11","0","11","0","11","0","11","0","11","0","11","0","11","0","11","0","11",
"860Z200US49765","ZCTA5 49765","787","169","783","169","88","37","64","30","19","12","103","36","192","99","122","41","195","68","4","5",
"860Z200US49766","ZCTA5 49766","378","126","378","126","50","29","62","42","9","12","75","48","79","78","39","45","64","43","0","11",
"860Z200US49768","ZCTA5 49768","3","5","3","5","3","5","0","11","0","11","0","11","0","11","0","11","0","11","0","11",
"860Z200US49769","ZCTA5 49769","466","126","466","126","103","49","49","27","5","4","74","26","104","75","57","22","74","31","0","11",
"860Z200US49770","ZCTA5 49770","3445","236","3440","233","471","112","271","100","191","74","611","134","615","152","578","145","703","111","5","27",
"860Z200US49774","ZCTA5 49774","514","156","514","156","16","12","35","21","100","109","85","66","71","32","101","34","106","54","0","11",
"860Z200US49775","ZCTA5 49775","13","15","13","15","6","10","3","4","0","11","2","3","2","3","0","11","0","11","0","11",
"860Z200US49776","ZCTA5 49776","267","74","266","71","46","24","41","20","18","15","42","17","38","22","35","16","46","20","1","12",
"860Z200US49777","ZCTA5 49777","283","74","283","74","28","30","66","33","0","11","76","25","7","6","64","29","42","13","0","11",
"860Z200US49779","ZCTA5 49779","711","94","711","94","138","64","22","14","56","35","60","31","184","97","104","48","147","43","0","11",
"860Z200US49780","ZCTA5 49780","366","105","366","105","49","26","15","11","16","16","31","20","53","31","82","37","120","57","0","11",
"860Z200US49781","ZCTA5 49781","591","104","582","100","88","33","62","28","4","7","64","27","85","42","159","43","120","40","9","15",
"860Z200US49782","ZCTA5 49782","113","36","113","36","68","32","7","6","1","2","9","6","13","9","8","4","7","5","0","11",
"860Z200US49783","ZCTA5 49783","3505","238","3497","236","538","88","327","73","147","78","421","109","568","125","909","162","587","86","8","17",
"860Z200US49784","ZCTA5 49784","0","11","0","11","0","11","0","11","0","11","0","11","0","11","0","11","0","11","0","11",
"860Z200US49788","ZCTA5 49788","901","161","901","161","140","50","143","69","93","43","176","69","185","56","26","17","138","57","0","11",
"860Z200US49791","ZCTA5 49791","5","7","5","7","2","4","0","11","0","11","0","11","0","11","3","6","0","11","0","11",
"860Z200US49793","ZCTA5 49793","0","11","0","11","0","11","0","11","0","11","0","11","0","11","0","11","0","11","0","11",
"860Z200US49795","ZCTA5 49795","408","103","408","103","37","15","44","22","22","12","54","19","140","87","67","28","44","17","0","11",
"860Z200US49796","ZCTA5 49796","62","46","62","46","8","7","2","3","0","11","9","7","13","15","15","14","15","19","0","11",
"860Z200US49799","ZCTA5 49799","388","101","388","101","57","22","25","16","15","11","102","50","83","46","69","24","37","18","0","11",
"860Z200US49801","ZCTA5 49801","2181","221","2178","222","335","90","147","72","164","80","439","107","425","121","259","85","409","90","3","5",
"860Z200US49802","ZCTA5 49802","1358","195","1358","195","258","122","170","66","49","41","161","79","117","63","360","153","243","94","0","15",
"860Z200US49805","ZCTA5 49805","30","25","30","25","0","11","16","20","0","11","2","8","4","5","4","4","4","6","0","11",
"860Z200US49806","ZCTA5 49806","76","39","76","39","2","4","3","4","3","5","4","7","2","4","17","16","45","21","0","11",
"860Z200US49807","ZCTA5 49807","548","114","548","114","65","29","71","29","35","16","50","20","52","21","113","40","162","73","0","11",
"860Z200US49808","ZCTA5 49808","38","51","33","51","0","11","0","11","0","11","11","17","11","17","11","17","0","11","5","5",
"860Z200US49812","ZCTA5 49812","122","36","122","36","17","11","11","8","5","4","19","16","15","10","33","19","22","12","0","11",
"860Z200US49814","ZCTA5 49814","229","97","229","97","6","6","15","12","12","10","56","33","66","36","33","24","41","32","0","11",
"860Z200US49815","ZCTA5 49815","22","19","22","19","3","5","4","5","0","11","12","17","0","11","0","11","3","4","0","11",
"860Z200US49816","ZCTA5 49816","101","59","100","60","17","14","15","23","9","14","4","6","12","13","21","23","22","19","1","3",
"860Z200US49817","ZCTA5 49817","156","52","156","52","6","9","21","24","15","8","38","17","31","16","15","13","30","22","0","11",
"860Z200US49818","ZCTA5 49818","291","129","291","129","55","46","27","21","32","38","50","35","48","29","25","17","54","27","0","11",
"860Z200US49820","ZCTA5 49820","10","15","10","15","0","11","0","11","0","11","0","11","2","4","4","6","4","8","0","11",
"860Z200US49821","ZCTA5 49821","317","164","317","164","80","45","17","11","3","3","42","37","72","66","56","33","47","39","0","11",
"860Z200US49822","ZCTA5 49822","97","71","97","71","0","11","8","13","0","11","0","11","1","2","39","40","49","32","0","11",
"860Z200US49825","ZCTA5 49825","126","63","126","63","23","16","8","8","40","36","3","4","18","18","19","15","15","11","0","11",
"860Z200US49826","ZCTA5 49826","49","55","49","55","14","15","13","15","0","11","4","5","6","7","8","10","4","6","0","11",
"860Z200US49827","ZCTA5 49827","364","125","364","125","75","40","50","30","0","11","73","38","74","42","51","28","41","29","0","11",
"860Z200US49829","ZCTA5 49829","3395","278","3371","278","296","125","497","114","125","65","503","110","664","191","667","145","619","132","24","4",
"860Z200US49831","ZCTA5 49831","98","41","98","41","19","16","15","14","11","10","14","10","16","11","14","11","9","9","0","11",
"860Z200US49833","ZCTA5 49833","0","11","0","11","0","11","0","11","0","11","0","11","0","11","0","11","0","11","0","11",
"860Z200US49834","ZCTA5 49834","138","62","138","62","30","21","15","11","4","6","28","21","26","20","20","19","15","12","0","11",
"860Z200US49835","ZCTA5 49835","101","39","101","39","20","12","16","11","0","11","9","9","18","11","23","12","15","9","0","11",
"860Z200US49836","ZCTA5 49836","141","43","141","43","31","16","10","7","14","9","17","9","23","18","15","12","31","18","0","11",
"860Z200US49837","ZCTA5 49837","2194","235","2194","235","332","91","162","75","77","54","419","174","219","93","509","131","476","138","0","17",
"860Z200US49838","ZCTA5 49838","37","22","37","22","3","5","0","11","0","11","11","17","7","9","1","3","15","12","0","11",
"860Z200US49839","ZCTA5 49839","24","30","24","30","0","11","0","11","0","11","11","18","0","11","0","11","13","14","0","11",
"860Z200US49840","ZCTA5 49840","174","52","174","52","13","11","29","14","19","14","18","10","31","20","34","20","30","17","0","11",
"860Z200US49841","ZCTA5 49841","1899","298","1899","298","200","96","197","90","70","51","275","109","439","181","295","101","423","110","0","15",
"860Z200US49847","ZCTA5 49847","206","86","206","86","26","20","25","16","0","11","43","38","23","15","18","11","71","44","0","11",
"860Z200US49848","ZCTA5 49848","27","21","27","21","7","10","0","11","0","11","0","11","4","6","10","12","6","5","0","11",
"860Z200US49849","ZCTA5 49849","2753","217","2753","217","389","115","306","103","95","36","361","81","517","126","533","128","552","121","0","17",
"860Z200US49852","ZCTA5 49852","39","34","39","34","0","11","0","11","5","7","17","13","13","12","4","7","0","11","0","11",
"860Z200US49853","ZCTA5 49853","175","55","175","55","22","17","19","14","7","8","25","16","51","25","11","12","40","24","0","11",
"860Z200US49854","ZCTA5 49854","990","79","990","79","190","42","67","30","37","19","141","37","171","43","214","71","170","28","0","15",
"860Z200US49855","ZCTA5 49855","4319","301","4275","299","899","144","449","95","154","71","495","134","811","157","812","168","655","156","44","29",
"860Z200US49858","ZCTA5 49858","1918","151","1918","151","209","85","76","61","66","32","175","65","415","137","546","126","431","68","0","17",
"860Z200US49861","ZCTA5 49861","34","21","34","21","11","9","1","3","3","5","3","3","9","8","3","3","4","6","0","11",
"860Z200US49862","ZCTA5 49862","545","100","545","100","99","36","13","7","31","27","91","33","125","48","90","32","96","48","0","11",
"860Z200US49863","ZCTA5 49863","18","23","18","23","0","11","0","11","0","11","14","19","4","5","0","11","0","11","0","11",
"860Z200US49864","ZCTA5 49864","0","11","0","11","0","11","0","11","0","11","0","11","0","11","0","11","0","11","0","11",
"860Z200US49866","ZCTA5 49866","1924","167","1924","167","221","81","197","72","143","54","445","117","475","120","197","51","246","83","0","15",
"860Z200US49868","ZCTA5 49868","887","56","883","56","182","34","73","24","34","23","149","43","182","45","131","38","132","27","4","3",
"860Z200US49870","ZCTA5 49870","673","202","673","202","84","53","56","42","0","11","124","84","181","156","89","58","139","66","0","11",
"860Z200US49871","ZCTA5 49871","81","43","81","43","7","6","12","11","0","11","12","14","15","14","22","17","13","12","0","11",
"860Z200US49872","ZCTA5 49872","15","11","15","11","0","11","0","11","0","11","2","3","2","3","3","5","8","6","0","11",
"860Z200US49873","ZCTA5 49873","5","8","5","8","0","11","0","11","0","11","0","11","3","4","2","5","0","11","0","11",
"860Z200US49874","ZCTA5 49874","182","68","182","68","26","17","15","13","8","8","4","5","61","41","39","26","29","18","0","11",
"860Z200US49876","ZCTA5 49876","120","91","120","91","22","35","0","11","0","11","27","37","0","11","0","11","71","74","0","11",
"860Z200US49877","ZCTA5 49877","0","11","0","11","0","11","0","11","0","11","0","11","0","11","0","11","0","11","0","11",
"860Z200US49878","ZCTA5 49878","502","89","502","89","102","39","36","17","36","23","84","34","92","34","95","37","57","21","0","11",
"860Z200US49879","ZCTA5 49879","146","51","146","51","42","29","9","7","9","9","21","16","17","9","22","11","26","13","0","11",
"860Z200US49880","ZCTA5 49880","139","43","139","43","16","11","17","15","2","3","17","12","21","13","19","14","47","24","0","11",
"860Z200US49881","ZCTA5 49881","107","57","107","57","24","20","7","10","12","14","13","13","24","21","25","22","2","6","0","11",
"860Z200US49883","ZCTA5 49883","26","24","26","24","0","11","0","11","0","11","0","11","3","4","11","15","12","11","0","11",
"860Z200US49884","ZCTA5 49884","81","65","81","65","0","11","18","17","0","11","22","29","29","23","6","8","6","8","0","11",
"860Z200US49885","ZCTA5 49885","327","137","327","137","38","22","28","20","19","30","34","26","88","58","77","44","43","27","0","11",
"860Z200US49886","ZCTA5 49886","96","46","96","46","10","9","9","10","15","12","32","27","9","9","18","13","3","4","0","11",
"860Z200US49887","ZCTA5 49887","532","100","532","100","111","54","47","18","21","10","69","20","77","30","75","31","132","48","0","11",
"860Z200US49891","ZCTA5 49891","129","50","129","50","15","10","12","12","2","3","24","16","16","15","22","15","38","20","0","11",
"860Z200US49892","ZCTA5 49892","431","160","431","160","92","59","30","28","18","16","82","57","93","43","41","21","75","56","0","11",
"860Z200US49893","ZCTA5 49893","136","59","136","59","20","19","30","21","19","20","36","20","18","13","6","6","7","8","0","11",
"860Z200US49894","ZCTA5 49894","116","102","116","102","52","58","18","27","14","23","0","11","0","11","14","21","18","29","0","11",
"860Z200US49895","ZCTA5 49895","78","34","78","34","46","26","4","5","0","11","2","3","2","3","20","19","4","5","0","11",
"860Z200US49896","ZCTA5 49896","464","96","464","96","69","29","76","43","18","11","65","26","80","38","67","20","89","25","0","11",
"860Z200US49901","ZCTA5 49901","26","19","26","19","0","11","0","11","5","6","8","10","0","11","9","8","4","5","0","11",
"860Z200US49902","ZCTA5 49902","12","11","12","11","0","11","3","6","0","11","2","3","2","3","4","5","1","2","0","11",
"860Z200US49903","ZCTA5 49903","27","20","27","20","2","3","4","4","0","11","13","20","2","3","3","4","3","4","0","11",
"860Z200US49905","ZCTA5 49905","681","151","681","151","104","54","69","42","40","39","44","20","211","94","68","28","145","60","0","11",
"860Z200US49908","ZCTA5 49908","509","88","509","88","62","29","66","25","52","31","78","30","53","26","83","29","115","31","0","11",
"860Z200US49910","ZCTA5 49910","8","10","8","10","0","11","0","11","0","11","0","11","5","6","3","5","0","11","0","11",
"860Z200US49911","ZCTA5 49911","523","131","523","131","92","53","46","39","36","27","94","44","118","70","56","38","81","40","0","11",
"860Z200US49912","ZCTA5 49912","115","41","115","41","11","9","9","9","0","11","38","36","17","18","12","9","28","16","0","11",
"860Z200US49913","ZCTA5 49913","1852","208","1852","208","362","102","217","71","63","31","277","83","251","69","394","87","288","84","0","15",
"860Z200US49915","ZCTA5 49915","83","42","83","42","15","17","3","4","11","16","5","6","7","6","22","18","20","17","0","11",
"860Z200US49916","ZCTA5 49916","826","217","826","217","59","30","75","33","50","31","246","119","113","56","114","47","169","70","0","11",
"860Z200US49917","ZCTA5 49917","113","89","113","89","7","10","15","18","11","15","17","15","23","30","35","48","5","5","0","11",
"860Z200US49918","ZCTA5 49918","35","24","35","24","0","11","0","11","0","11","6","8","29","24","0","11","0","11","0","11",
"860Z200US49919","ZCTA5 49919","6","9","6","9","0","11","0","11","0","11","0","11","3","5","3","5","0","11","0","11",
"860Z200US49920","ZCTA5 49920","719","113","717","112","55","23","103","29","19","12","97","38","182","63","165","55","96","41","2","3",
"860Z200US49921","ZCTA5 49921","88","95","88","95","0","11","14","25","24","25","50","52","0","11","0","11","0","11","0","11",
"860Z200US49922","ZCTA5 49922","246","95","246","95","51","32","30","21","11","11","51","25","34","21","53","29","16","15","0","11",
"860Z200US49925","ZCTA5 49925","55","22","55","22","7","6","3","3","0","11","3","2","8","7","16","13","18","18","0","11",
"860Z200US49927","ZCTA5 49927","106","51","106","51","9","9","32","25","0","11","34","22","12","9","5","6","14","15","0","11",
"860Z200US49929","ZCTA5 49929","58","42","58","42","18","16","14","11","2","3","0","11","14","13","10","7","0","11","0","11",
"860Z200US49930","ZCTA5 49930","1391","210","1391","210","196","67","124","38","75","47","146","49","188","63","410","126","252","81","0","15",
"860Z200US49931","ZCTA5 49931","1278","279","1262","278","115","67","126","56","47","35","247","71","145","78","241","114","341","137","16","20",
"860Z200US49934","ZCTA5 49934","158","75","158","75","52","30","0","11","8","11","43","28","8","11","28","24","19","27","0","11",
"860Z200US49935","ZCTA5 49935","1077","116","1074","116","162","46","91","31","30","26","236","93","262","82","92","40","201","48","3","2",
"860Z200US49938","ZCTA5 49938","1136","178","1131","178","96","69","90","54","25","22","141","69","293","108","265","69","221","65","5","3",
"860Z200US49942","ZCTA5 49942","7","11","7","11","0","11","0","11","0","11","7","11","0","11","0","11","0","11","0","11",
"860Z200US49945","ZCTA5 49945","432","109","430","108","75","35","30","27","16","18","89","41","53","25","55","28","112","61","2","6",
"860Z200US49946","ZCTA5 49946","735","93","735","93","64","37","94","26","49","19","112","46","120","34","141","39","155","31","0","11",
"860Z200US49947","ZCTA5 49947","35","23","35","23","7","11","0","11","0","11","7","7","6","7","12","11","3","5","0","11",
"860Z200US49948","ZCTA5 49948","90","34","90","34","6","6","9","8","4","4","12","9","19","12","20","12","20","10","0","11",
"860Z200US49950","ZCTA5 49950","166","38","166","38","14","14","22","12","33","26","16","14","21","14","25","14","35","16","0","11",
"860Z200US49952","ZCTA5 49952","12","15","12","15","1","4","4","7","0","11","5","6","2","4","0","11","0","11","0","11",
"860Z200US49953","ZCTA5 49953","189","59","189","59","19","23","20","16","0","11","32","19","38","16","42","20","38","20","0","11",
"860Z200US49955","ZCTA5 49955","112","97","112","97","12","12","3","9","0","11","17","25","41","50","29","26","10","14","0","11",
"860Z200US49958","ZCTA5 49958","182","106","182","106","14","12","35","27","12","11","22","17","69","56","28","24","2","3","0","11",
"860Z200US49959","ZCTA5 49959","33","28","33","28","23","26","0","11","0","11","0","11","0","11","5","7","5","7","0","11",
"860Z200US49960","ZCTA5 49960","97","51","97","51","5","6","3","5","0","11","6","6","14","12","26","22","43","26","0","11",
"860Z200US49961","ZCTA5 49961","29","36","29","36","6","10","10","16","2","3","2","3","2","3","1","3","6","10","0","11",
"860Z200US49962","ZCTA5 49962","28","21","28","21","5","7","6","8","0","11","9","10","0","11","2","3","6","8","0","11",
"860Z200US49963","ZCTA5 49963","112","46","112","46","10","10","5","6","4","5","34","25","18","14","17","13","24","16","0","11",
"860Z200US49965","ZCTA5 49965","64","33","64","33","16","18","1","2","3","3","1","2","4","7","6","6","33","26","0","11",
"860Z200US49967","ZCTA5 49967","15","11","15","11","2","3","1","2","0","11","0","11","0","11","10","10","2","3","0","11",
"860Z200US49968","ZCTA5 49968","445","130","445","130","75","53","100","53","12","10","85","52","46","23","42","24","85","48","0","11",
"860Z200US49969","ZCTA5 49969","177","41","177","41","19","23","5","7","0","11","31","15","36","16","36","18","50","21","0","11",
"860Z200US49970","ZCTA5 49970","34","26","34","26","6","6","13","12","0","11","11","11","0","11","2","3","2","7","0","11",
"860Z200US49971","ZCTA5 49971","54","28","54","28","19","19","9","12","0","11","7","8","2","3","5","5","12","7","0","11",
"860Z200US54540","ZCTA5 54540","112","62","112","62","19","16","24","17","0","13","9","11","33","29","24","19","3","11","0","13",
